time,balance,equity,floating_profit
2025.03.01 00:00:00,15000.00,15000.00,0.00
2025.03.03 00:05:36,15000.00,15000.00,0.00
2025.03.03 04:00:00,15000.00,15000.00,0.00
2025.03.03 08:00:00,15000.00,15000.00,0.00
2025.03.03 12:00:00,15000.00,14999.86,-0.14
2025.03.03 16:00:00,15000.00,15000.96,0.96
2025.03.03 20:00:00,15000.00,15000.85,0.85
2025.03.04 00:05:02,15000.00,14995.61,-4.39
2025.03.04 04:00:00,15000.00,14995.22,-4.78
2025.03.04 08:00:00,15000.00,14995.31,-4.69
2025.03.04 12:00:00,15000.00,14999.65,-0.35
2025.03.04 16:00:00,15000.00,14994.88,-5.12
2025.03.04 20:00:00,15000.00,14978.49,-21.51
2025.03.05 00:05:31,15000.00,15004.19,4.19
2025.03.05 04:00:00,15004.42,15004.42,0.00
2025.03.05 08:00:00,15004.42,15004.42,0.00
2025.03.05 12:00:00,15004.42,15004.42,0.00
2025.03.05 16:00:00,15004.42,15004.42,0.00
2025.03.05 20:00:00,15004.42,15004.42,0.00
2025.03.06 00:05:02,15004.42,15004.42,0.00
2025.03.06 04:00:00,15004.42,15004.42,0.00
2025.03.06 08:00:00,15004.42,15004.42,0.00
2025.03.06 12:00:01,15004.42,15004.42,0.00
2025.03.06 16:00:00,15004.42,15004.42,0.00
2025.03.06 20:00:00,15004.42,15004.42,0.00
2025.03.07 00:05:05,15004.42,15004.42,0.00
2025.03.07 04:00:00,15004.42,15004.42,0.00
2025.03.07 08:00:00,15004.42,15004.42,0.00
2025.03.07 12:00:01,15004.42,15004.42,0.00
2025.03.07 16:00:00,15004.42,15004.28,-0.14
2025.03.07 20:00:00,15004.42,15005.70,1.28
2025.03.10 00:00:00,15004.42,15004.88,0.46
2025.03.10 04:00:00,15004.42,15003.69,-0.73
2025.03.10 08:00:00,15004.42,15003.94,-0.48
2025.03.10 12:00:00,15004.42,15003.41,-1.01
2025.03.10 16:00:00,15004.42,15007.76,3.34
2025.03.10 20:00:00,15007.74,15007.74,0.00
2025.03.11 00:00:00,15007.74,15007.74,0.00
2025.03.11 04:00:01,15007.74,15007.74,0.00
2025.03.11 08:00:00,15007.74,15007.74,0.00
2025.03.11 12:00:00,15007.74,15007.74,0.00
2025.03.11 16:00:00,15007.74,15007.74,0.00
2025.03.11 20:00:00,15007.74,15007.74,0.00
2025.03.12 00:00:00,15007.74,15007.74,0.00
2025.03.12 04:00:00,15007.74,15007.74,0.00
2025.03.12 08:00:00,15007.74,15007.74,0.00
2025.03.12 12:00:00,15007.74,15007.74,0.00
2025.03.12 16:00:00,15007.74,15007.74,0.00
2025.03.12 20:00:00,15007.74,15007.74,0.00
2025.03.13 00:00:00,15007.74,15007.74,0.00
2025.03.13 04:00:01,15007.74,15007.74,0.00
2025.03.13 08:00:00,15007.74,15007.74,0.00
2025.03.13 12:00:00,15007.74,15007.74,0.00
2025.03.13 16:00:00,15007.74,15007.74,0.00
2025.03.13 20:00:00,15007.74,15007.74,0.00
2025.03.14 00:00:00,15007.74,15007.74,0.00
2025.03.14 04:00:00,15007.74,15007.74,0.00
2025.03.14 08:00:00,15007.74,15007.74,0.00
2025.03.14 12:00:00,15007.74,15007.74,0.00
2025.03.14 16:00:00,15007.74,15007.74,0.00
2025.03.14 20:00:00,15007.74,15007.74,0.00
2025.03.17 00:00:00,15007.74,15007.74,0.00
2025.03.17 04:00:00,15007.74,15007.74,0.00
2025.03.17 08:00:00,15007.74,15007.74,0.00
2025.03.17 12:00:00,15007.74,15007.74,0.00
2025.03.17 16:00:00,15007.74,15007.74,0.00
2025.03.17 20:00:00,15007.74,15007.74,0.00
2025.03.18 00:00:00,15007.74,15007.74,0.00
2025.03.18 04:00:01,15007.74,15007.74,0.00
2025.03.18 08:00:00,15007.74,15007.74,0.00
2025.03.18 12:00:00,15007.74,15007.74,0.00
2025.03.18 16:00:00,15007.74,15007.74,0.00
2025.03.18 20:00:00,15007.74,15007.63,-0.11
2025.03.19 00:00:00,15007.74,15007.45,-0.29
2025.03.19 04:00:00,15007.74,15007.78,0.04
2025.03.19 08:00:00,15007.74,15008.13,0.39
2025.03.19 12:00:00,15007.74,15008.98,1.24
2025.03.19 16:00:00,15007.74,15008.60,0.86
2025.03.19 20:00:00,15007.74,15009.54,1.80
2025.03.20 00:00:00,15007.74,15008.73,0.99
2025.03.20 04:00:00,15007.74,15009.78,2.04
2025.03.20 08:00:00,15007.74,15009.75,2.01
2025.03.20 12:00:00,15007.74,15012.54,4.80
2025.03.20 16:00:00,15012.55,15012.55,0.00
2025.03.20 20:00:00,15012.55,15012.55,0.00
2025.03.21 00:00:00,15012.55,15012.55,0.00
2025.03.21 04:00:00,15012.55,15012.55,0.00
2025.03.21 08:00:00,15012.55,15012.55,0.00
2025.03.21 12:00:00,15012.55,15012.55,0.00
2025.03.21 16:00:00,15012.55,15012.55,0.00
2025.03.21 20:00:00,15012.55,15012.55,0.00
2025.03.24 00:00:00,15012.55,15012.55,0.00
2025.03.24 04:00:01,15012.55,15012.55,0.00
2025.03.24 08:00:00,15012.55,15012.55,0.00
2025.03.24 12:00:00,15012.55,15012.55,0.00
2025.03.24 16:00:00,15012.55,15012.55,0.00
2025.03.24 20:00:00,15012.55,15012.55,0.00
2025.03.25 00:00:00,15012.55,15012.55,0.00
2025.03.25 04:00:00,15012.55,15012.55,0.00
2025.03.25 08:00:00,15012.55,15012.55,0.00
2025.03.25 12:00:00,15012.55,15012.55,0.00
2025.03.25 16:00:00,15012.55,15012.55,0.00
2025.03.25 20:00:00,15012.55,15012.55,0.00
2025.03.26 00:00:00,15012.55,15012.55,0.00
2025.03.26 04:00:00,15012.55,15012.55,0.00
2025.03.26 08:00:00,15012.55,15012.55,0.00
2025.03.26 12:00:00,15012.55,15012.55,0.00
2025.03.26 16:00:00,15012.55,15012.55,0.00
2025.03.26 20:00:01,15012.55,15012.42,-0.13
2025.03.27 00:00:00,15012.55,15013.48,0.93
2025.03.27 04:00:01,15012.55,15012.05,-0.50
2025.03.27 08:00:00,15012.55,15011.68,-0.87
2025.03.27 12:00:00,15012.55,15012.47,-0.08
2025.03.27 16:00:00,15012.55,15014.31,1.76
2025.03.27 20:00:00,15012.55,15014.51,1.96
2025.03.28 00:00:00,15012.55,15013.72,1.17
2025.03.28 04:00:00,15012.55,15014.43,1.88
2025.03.28 08:00:00,15012.55,15014.23,1.68
2025.03.28 12:00:00,15012.55,15015.23,2.68
2025.03.28 16:00:00,15015.22,15015.22,0.00
2025.03.28 20:00:00,15015.22,15015.22,0.00
2025.03.31 00:05:01,15015.22,15015.22,0.00
2025.03.31 04:00:00,15015.22,15015.22,0.00
2025.03.31 08:00:00,15015.22,15015.22,0.00
2025.03.31 12:00:00,15015.22,15015.22,0.00
2025.03.31 16:00:01,15015.22,15015.22,0.00
2025.03.31 20:00:00,15015.22,15015.22,0.00
2025.04.01 00:05:08,15015.22,15015.22,0.00
2025.04.01 04:00:00,15015.22,15015.22,0.00
2025.04.01 08:00:00,15015.22,15015.22,0.00
2025.04.01 12:00:00,15015.22,15015.22,0.00
2025.04.01 16:00:00,15015.22,15015.22,0.00
2025.04.01 20:00:00,15015.22,15015.22,0.00
2025.04.02 00:05:01,15015.22,15015.22,0.00
2025.04.02 04:00:00,15015.22,15015.22,0.00
2025.04.02 08:00:00,15015.22,15015.22,0.00
2025.04.02 12:00:04,15015.22,15015.22,0.00
2025.04.02 16:00:00,15015.22,15015.22,0.00
2025.04.02 20:00:00,15015.22,15015.22,0.00
2025.04.03 00:05:01,15015.22,15015.22,0.00
2025.04.03 04:00:00,15015.22,15015.22,0.00
2025.04.03 08:00:00,15015.22,15015.22,0.00
2025.04.03 12:00:00,15015.22,15015.22,0.00
2025.04.03 16:00:00,15015.22,15015.22,0.00
2025.04.03 20:00:00,15015.22,15015.22,0.00
2025.04.04 00:05:00,15015.22,15015.22,0.00
2025.04.04 04:00:00,15015.22,15015.22,0.00
2025.04.04 08:00:02,15015.22,15015.08,-0.14
2025.04.04 12:00:00,15015.22,15017.26,2.04
2025.04.04 16:00:00,15015.22,15022.65,7.43
2025.04.04 20:00:00,15015.22,15022.81,7.59
2025.04.07 00:20:00,15015.22,15024.98,9.76
2025.04.07 04:00:00,15015.22,15024.17,8.95
2025.04.07 08:00:00,15015.22,15023.17,7.95
2025.04.07 12:00:00,15015.22,15025.55,10.33
2025.04.07 16:00:00,15015.22,15025.32,10.10
2025.04.07 20:00:00,15025.31,15025.31,0.00
2025.04.08 00:05:11,15025.31,15025.31,0.00
2025.04.08 04:00:00,15025.31,15025.31,0.00
2025.04.08 08:00:00,15025.31,15025.17,-0.14
2025.04.08 12:00:00,15025.15,15025.15,0.00
2025.04.08 16:00:00,15025.15,15025.15,0.00
2025.04.08 20:00:00,15025.15,15025.15,0.00
2025.04.09 00:05:02,15025.15,15025.15,0.00
2025.04.09 04:00:00,15025.15,15025.15,0.00
2025.04.09 08:00:00,15025.15,15025.15,0.00
2025.04.09 12:00:00,15025.15,15025.15,0.00
2025.04.09 16:00:00,15025.15,15025.15,0.00
2025.04.09 20:00:00,15025.15,15025.15,0.00
2025.04.10 00:05:07,15025.15,15025.15,0.00
2025.04.10 04:00:00,15025.15,15025.15,0.00
2025.04.10 08:00:00,15025.15,15025.15,0.00
2025.04.10 12:00:00,15025.15,15025.15,0.00
2025.04.10 16:00:00,15025.15,15025.15,0.00
2025.04.10 20:00:00,15025.15,15025.15,0.00
2025.04.11 00:05:19,15025.15,15025.15,0.00
2025.04.11 04:00:00,15025.15,15025.15,0.00
2025.04.11 08:00:00,15025.15,15025.15,0.00
2025.04.11 12:00:00,15025.15,15025.15,0.00
2025.04.11 16:00:00,15025.15,15025.15,0.00
2025.04.11 20:00:00,15025.15,15025.15,0.00
2025.04.14 00:05:26,15025.15,15025.15,0.00
2025.04.14 04:00:00,15025.15,15025.15,0.00
2025.04.14 08:00:00,15025.15,15025.15,0.00
2025.04.14 12:00:00,15025.15,15025.15,0.00
2025.04.14 16:00:00,15025.15,15024.98,-0.17
2025.04.14 20:00:00,15025.15,15026.56,1.41
2025.04.15 00:05:37,15025.15,15023.94,-1.21
2025.04.15 04:00:00,15025.15,15025.92,0.77
2025.04.15 08:00:00,15025.15,15023.06,-2.09
2025.04.15 12:00:00,15025.15,15023.12,-2.03
2025.04.15 16:00:00,15025.15,15026.33,1.18
2025.04.15 20:00:00,15025.15,15031.27,6.12
2025.04.16 00:06:10,15025.15,15029.89,4.74
2025.04.16 04:00:00,15025.15,15029.97,4.82
2025.04.16 08:00:00,15025.15,15028.92,3.77
2025.04.16 12:00:00,15025.15,15027.25,2.10
2025.04.16 16:00:00,15025.15,15027.55,2.40
2025.04.16 20:00:00,15025.15,15024.66,-0.49
2025.04.17 00:06:03,15025.15,15022.99,-2.16
2025.04.17 04:00:00,15025.15,15024.02,-1.13
2025.04.17 08:00:00,15025.15,15025.66,0.51
2025.04.17 12:00:00,15025.15,15024.68,-0.47
2025.04.17 16:00:00,15025.15,15024.43,-0.72
2025.04.17 20:00:00,15025.15,15022.36,-2.79
2025.04.18 00:05:41,15025.15,15021.51,-3.64
2025.04.18 04:00:00,15025.15,15022.42,-2.73
2025.04.18 08:00:00,15025.15,15023.56,-1.59
2025.04.18 12:00:00,15025.15,15023.62,-1.53
2025.04.18 16:00:00,15025.15,15023.33,-1.82
2025.04.18 20:00:00,15025.15,15022.86,-2.29
2025.04.21 00:05:31,15025.15,15022.18,-2.97
2025.04.21 04:00:00,15025.15,15020.49,-4.66
2025.04.21 08:00:01,15025.15,15018.96,-6.19
2025.04.21 12:00:01,15025.15,15018.60,-6.55
2025.04.21 16:00:00,15025.15,15018.61,-6.54
2025.04.21 20:00:00,15025.15,15021.70,-3.45
2025.04.22 00:06:20,15025.15,15021.89,-3.26
2025.04.22 04:00:00,15025.15,15021.60,-3.55
2025.04.22 08:00:00,15025.15,15014.31,-10.84
2025.04.22 12:00:00,15025.15,15017.13,-8.02
2025.04.22 16:00:00,15025.15,15023.38,-1.77
2025.04.22 20:00:00,15025.15,15014.86,-10.29
2025.04.23 00:06:12,15025.15,15016.00,-9.15
2025.04.23 04:00:00,15025.15,15019.52,-5.63
2025.04.23 08:00:00,15025.15,15020.61,-4.54
2025.04.23 12:00:00,15025.15,15015.76,-9.39
2025.04.23 16:00:00,15025.15,15020.87,-4.28
2025.04.23 20:00:00,15025.15,15033.74,8.59
2025.04.24 00:05:57,15033.72,15033.72,0.00
2025.04.24 04:00:00,15033.72,15033.72,0.00
2025.04.24 08:00:00,15033.72,15033.72,0.00
2025.04.24 12:00:00,15033.72,15033.58,-0.14
2025.04.24 16:00:00,15033.72,15034.34,0.62
2025.04.24 20:00:00,15033.72,15035.67,1.95
2025.04.25 00:06:30,15035.67,15035.67,0.00
2025.04.25 04:00:00,15035.67,15035.67,0.00
2025.04.25 08:00:00,15035.67,15035.67,0.00
2025.04.25 12:00:00,15035.67,15035.67,0.00
2025.04.25 16:00:00,15035.67,15035.67,0.00
2025.04.25 20:00:00,15035.67,15035.67,0.00
2025.04.28 00:05:15,15035.67,15035.67,0.00
2025.04.28 04:00:00,15035.67,15035.67,0.00
2025.04.28 08:00:00,15035.67,15035.67,0.00
2025.04.28 12:00:00,15035.67,15035.67,0.00
2025.04.28 16:00:00,15035.67,15035.67,0.00
2025.04.28 20:00:00,15035.67,15035.67,0.00
2025.04.29 00:05:41,15035.67,15035.67,0.00
2025.04.29 04:00:00,15035.67,15035.67,0.00
2025.04.29 08:00:00,15035.67,15035.67,0.00
2025.04.29 12:00:00,15035.67,15035.67,0.00
2025.04.29 16:00:00,15035.67,15035.67,0.00
2025.04.29 20:00:00,15035.67,15035.67,0.00
2025.04.30 00:05:59,15035.67,15035.67,0.00
2025.04.30 04:00:00,15035.67,15035.67,0.00
2025.04.30 08:00:00,15035.67,15035.67,0.00
2025.04.30 12:00:00,15035.67,15035.67,0.00
2025.04.30 16:00:00,15035.67,15035.67,0.00
2025.04.30 20:00:00,15035.67,15035.67,0.00
2025.05.01 00:05:45,15035.67,15035.67,0.00
2025.05.01 04:00:00,15035.67,15035.67,0.00
2025.05.01 08:00:00,15035.67,15035.67,0.00
2025.05.01 12:00:00,15035.67,15035.67,0.00
2025.05.01 16:00:00,15035.67,15035.67,0.00
2025.05.01 20:00:00,15035.67,15035.67,0.00
2025.05.02 00:05:47,15035.67,15035.67,0.00
2025.05.02 04:00:00,15035.67,15035.67,0.00
2025.05.02 08:00:00,15035.67,15035.67,0.00
2025.05.02 12:00:00,15035.67,15035.67,0.00
2025.05.02 16:00:00,15035.67,15035.67,0.00
2025.05.02 20:00:00,15035.67,15035.67,0.00
2025.05.05 00:05:21,15035.67,15035.67,0.00
2025.05.05 04:00:00,15035.67,15035.67,0.00
2025.05.05 08:00:01,15035.67,15035.67,0.00
2025.05.05 12:00:00,15035.67,15035.67,0.00
2025.05.05 16:00:00,15035.67,15035.67,0.00
2025.05.05 20:00:04,15035.67,15035.67,0.00
2025.05.06 00:05:23,15035.67,15035.67,0.00
2025.05.06 04:00:00,15035.67,15035.52,-0.15
2025.05.06 08:00:00,15035.67,15033.84,-1.83
2025.05.06 12:00:00,15035.67,15034.14,-1.53
2025.05.06 16:00:00,15035.67,15032.84,-2.83
2025.05.06 20:00:00,15035.67,15030.66,-5.01
2025.05.07 00:06:08,15035.67,15030.60,-5.07
2025.05.07 04:00:00,15035.67,15030.71,-4.96
2025.05.07 08:00:01,15035.67,15032.42,-3.25
2025.05.07 12:00:00,15035.67,15032.23,-3.44
2025.05.07 16:00:00,15035.67,15032.64,-3.03
2025.05.07 20:00:01,15035.67,15029.11,-6.56
2025.05.08 00:05:51,15035.67,15040.36,4.69
2025.05.08 04:00:00,15040.38,15040.24,-0.14
2025.05.08 08:00:00,15040.38,15040.57,0.19
2025.05.08 12:00:00,15040.38,15043.13,2.75
2025.05.08 16:00:00,15043.12,15043.12,0.00
2025.05.08 20:00:00,15043.12,15043.12,0.00
2025.05.09 00:06:11,15043.12,15043.12,0.00
2025.05.09 04:00:00,15043.12,15043.12,0.00
2025.05.09 08:00:00,15043.12,15043.12,0.00
2025.05.09 12:00:00,15043.12,15043.12,0.00
2025.05.09 16:00:00,15043.12,15043.12,0.00
2025.05.09 20:00:00,15043.12,15043.12,0.00
2025.05.12 00:05:28,15043.12,15043.12,0.00
2025.05.12 04:00:00,15043.12,15043.12,0.00
2025.05.12 08:00:00,15043.12,15043.12,0.00
2025.05.12 12:00:00,15043.12,15043.12,0.00
2025.05.12 16:00:00,15043.12,15043.12,0.00
2025.05.12 20:00:00,15043.12,15043.12,0.00
2025.05.13 00:05:57,15043.12,15043.12,0.00
2025.05.13 04:00:00,15043.12,15042.97,-0.15
2025.05.13 08:00:00,15043.12,15044.57,1.45
2025.05.13 12:00:00,15043.12,15042.51,-0.61
2025.05.13 16:00:00,15043.12,15043.18,0.06
2025.05.13 20:00:00,15043.12,15044.93,1.81
2025.05.14 00:05:55,15043.12,15046.05,2.93
2025.05.14 04:00:00,15043.12,15046.49,3.37
2025.05.14 08:00:01,15043.12,15046.89,3.77
2025.05.14 12:00:00,15043.12,15047.89,4.77
2025.05.14 16:00:01,15047.92,15047.92,0.00
2025.05.14 20:00:00,15047.92,15047.92,0.00
2025.05.15 00:05:47,15047.92,15047.92,0.00
2025.05.15 04:00:00,15047.92,15047.92,0.00
2025.05.15 08:00:00,15047.92,15047.92,0.00
2025.05.15 12:00:00,15047.92,15047.92,0.00
2025.05.15 16:00:00,15047.92,15047.92,0.00
2025.05.15 20:00:00,15047.92,15047.92,0.00
2025.05.16 00:05:56,15047.92,15047.92,0.00
2025.05.16 04:00:00,15047.92,15047.92,0.00
2025.05.16 08:00:08,15047.92,15047.92,0.00
2025.05.16 12:00:00,15047.92,15047.92,0.00
2025.05.16 16:00:00,15047.92,15047.92,0.00
2025.05.16 20:00:00,15047.92,15047.92,0.00
2025.05.19 00:05:16,15047.92,15047.92,0.00
2025.05.19 04:00:00,15047.92,15047.92,0.00
2025.05.19 08:00:00,15047.92,15047.92,0.00
2025.05.19 12:00:00,15047.92,15047.92,0.00
2025.05.19 16:00:00,15047.92,15047.92,0.00
2025.05.19 20:00:00,15047.92,15047.92,0.00
2025.05.20 00:05:54,15047.92,15047.92,0.00
2025.05.20 04:00:00,15047.92,15047.92,0.00
2025.05.20 08:00:00,15047.92,15047.92,0.00
2025.05.20 12:00:00,15047.92,15047.92,0.00
2025.05.20 16:00:00,15047.92,15047.92,0.00
2025.05.20 20:00:00,15047.92,15047.92,0.00
2025.05.21 00:05:34,15047.92,15047.92,0.00
2025.05.21 04:00:00,15047.92,15047.92,0.00
2025.05.21 08:00:00,15047.92,15047.92,0.00
2025.05.21 12:00:00,15047.92,15047.92,0.00
2025.05.21 16:00:00,15047.92,15047.92,0.00
2025.05.21 20:00:00,15047.92,15047.92,0.00
2025.05.22 00:05:15,15047.92,15047.92,0.00
2025.05.22 04:00:00,15047.92,15047.78,-0.14
2025.05.22 08:00:00,15047.92,15046.98,-0.94
2025.05.22 12:00:00,15047.92,15049.00,1.08
2025.05.22 16:00:00,15047.92,15049.22,1.30
2025.05.22 20:00:00,15047.92,15048.40,0.48
2025.05.23 00:05:54,15047.92,15047.36,-0.56
2025.05.23 04:00:00,15047.92,15047.25,-0.67
2025.05.23 08:00:00,15047.92,15045.58,-2.34
2025.05.23 12:00:00,15047.92,15044.76,-3.16
2025.05.23 16:00:00,15047.92,15043.36,-4.56
2025.05.23 20:00:00,15047.92,15038.78,-9.14
2025.05.26 00:05:23,15047.92,15037.60,-10.32
2025.05.26 04:00:00,15047.92,15037.65,-10.27
2025.05.26 08:00:00,15047.92,15036.63,-11.29
2025.05.26 12:00:00,15047.92,15037.28,-10.64
2025.05.26 16:00:00,15047.92,15038.14,-9.78
2025.05.26 20:00:00,15047.92,15038.49,-9.43
2025.05.27 00:05:23,15047.92,15038.84,-9.08
2025.05.27 04:00:00,15047.92,15036.33,-11.59
2025.05.27 08:00:00,15047.92,15040.78,-7.14
2025.05.27 12:00:00,15047.92,15044.84,-3.08
2025.05.27 16:00:00,15047.92,15044.91,-3.01
2025.05.27 20:00:01,15047.92,15047.94,0.02
2025.05.28 00:05:39,15047.92,15054.64,6.72
2025.05.28 04:00:00,15047.92,15054.17,6.25
2025.05.28 08:00:00,15047.92,15060.31,12.39
2025.05.28 12:00:00,15060.29,15060.17,-0.12
2025.05.28 16:00:00,15060.29,15061.69,1.40
2025.05.28 20:00:00,15061.69,15061.69,0.00
2025.05.29 00:05:25,15061.69,15061.69,0.00
2025.05.29 04:00:00,15061.69,15061.69,0.00
2025.05.29 08:00:00,15061.69,15061.69,0.00
2025.05.29 12:00:00,15061.69,15061.69,0.00
2025.05.29 16:00:00,15061.69,15061.69,0.00
2025.05.29 20:00:00,15061.69,15061.69,0.00
2025.05.30 00:05:45,15061.69,15061.69,0.00
2025.05.30 04:00:00,15061.69,15061.69,0.00
2025.05.30 08:00:00,15061.69,15061.69,0.00
2025.05.30 12:00:00,15061.69,15061.69,0.00
2025.05.30 16:00:00,15061.69,15061.69,0.00
2025.05.30 20:00:00,15061.69,15061.69,0.00
2025.06.02 00:05:27,15061.69,15061.69,0.00
2025.06.02 04:00:00,15061.69,15061.69,0.00
2025.06.02 08:00:02,15061.69,15061.69,0.00
2025.06.02 12:00:00,15061.69,15061.69,0.00
2025.06.02 16:00:00,15061.69,15061.69,0.00
2025.06.02 20:00:00,15061.69,15061.69,0.00
2025.06.03 00:05:47,15061.69,15061.69,0.00
2025.06.03 04:00:00,15061.69,15061.69,0.00
2025.06.03 08:00:00,15061.69,15061.56,-0.13
2025.06.03 12:00:00,15061.69,15061.38,-0.31
2025.06.03 16:00:00,15061.69,15061.37,-0.32
2025.06.03 20:00:00,15061.69,15061.04,-0.65
2025.06.04 00:05:35,15061.69,15060.42,-1.27
2025.06.04 04:00:00,15061.69,15060.20,-1.49
2025.06.04 08:00:00,15061.69,15060.83,-0.86
2025.06.04 12:00:00,15061.69,15059.83,-1.86
2025.06.04 16:00:00,15061.69,15059.19,-2.50
2025.06.04 20:00:00,15061.69,15055.91,-5.78
2025.06.05 00:05:29,15061.69,15057.36,-4.33
2025.06.05 04:00:00,15061.69,15057.18,-4.51
2025.06.05 08:00:00,15061.69,15057.63,-4.06
2025.06.05 12:00:00,15061.69,15056.61,-5.08
2025.06.05 16:00:00,15061.69,15055.94,-5.75
2025.06.05 20:00:00,15061.69,15056.54,-5.15
2025.06.06 00:05:46,15061.69,15058.22,-3.47
2025.06.06 04:00:00,15061.69,15056.24,-5.45
2025.06.06 08:00:00,15061.69,15055.37,-6.32
2025.06.06 12:00:00,15061.69,15059.50,-2.19
2025.06.06 16:00:00,15061.69,15059.76,-1.93
2025.06.06 20:00:00,15061.69,15063.71,2.02
2025.06.09 00:05:16,15061.69,15061.21,-0.48
2025.06.09 04:00:00,15061.69,15062.18,0.49
2025.06.09 08:00:00,15061.69,15060.40,-1.29
2025.06.09 12:00:00,15061.69,15059.00,-2.69
2025.06.09 16:00:00,15061.69,15061.27,-0.42
2025.06.09 20:00:00,15061.69,15058.30,-3.39
2025.06.10 00:05:15,15061.69,15062.80,1.11
2025.06.10 04:00:00,15061.69,15063.54,1.85
2025.06.10 08:00:00,15061.69,15065.31,3.62
2025.06.10 12:00:00,15065.31,15065.31,0.00
2025.06.10 16:00:00,15065.31,15065.31,0.00
2025.06.10 20:00:00,15065.31,15065.31,0.00
2025.06.11 00:05:16,15065.31,15065.31,0.00
2025.06.11 04:00:00,15065.31,15065.31,0.00
2025.06.11 08:00:00,15065.31,15065.31,0.00
2025.06.11 12:00:00,15065.31,15065.31,0.00
2025.06.11 16:00:00,15065.31,15065.31,0.00
2025.06.11 20:00:00,15065.31,15065.31,0.00
2025.06.12 00:05:31,15065.31,15065.31,0.00
2025.06.12 04:00:00,15065.31,15065.31,0.00
2025.06.12 08:00:00,15065.31,15065.31,0.00
2025.06.12 12:00:00,15065.31,15065.31,0.00
2025.06.12 16:00:00,15065.31,15065.31,0.00
2025.06.12 20:00:00,15065.31,15065.31,0.00
2025.06.13 00:05:49,15065.31,15065.31,0.00
2025.06.13 04:00:00,15065.31,15065.31,0.00
2025.06.13 08:00:00,15065.31,15065.16,-0.15
2025.06.13 12:00:00,15065.31,15062.73,-2.58
2025.06.13 16:00:00,15065.31,15062.74,-2.57
2025.06.13 20:00:00,15065.31,15060.51,-4.80
2025.06.16 00:05:23,15065.31,15059.98,-5.33
2025.06.16 04:00:00,15065.31,15060.81,-4.50
2025.06.16 08:00:01,15065.31,15061.70,-3.61
2025.06.16 12:00:00,15065.31,15059.51,-5.80
2025.06.16 16:00:00,15065.31,15058.59,-6.72
2025.06.16 20:00:00,15065.31,15058.23,-7.08
2025.06.17 00:05:33,15065.31,15059.06,-6.25
2025.06.17 04:00:00,15065.31,15059.79,-5.52
2025.06.17 08:00:00,15065.31,15059.56,-5.75
2025.06.17 12:00:00,15065.31,15059.33,-5.98
2025.06.17 16:00:00,15065.31,15060.01,-5.30
2025.06.17 20:00:00,15065.31,15066.82,1.51
2025.06.18 00:05:43,15065.31,15078.24,12.93
2025.06.18 04:00:00,15076.00,15076.00,0.00
2025.06.18 08:00:00,15076.00,15076.00,0.00
2025.06.18 12:00:00,15076.00,15076.00,0.00
2025.06.18 16:00:00,15076.00,15076.00,0.00
2025.06.18 20:00:01,15076.00,15076.00,0.00
2025.06.19 00:05:55,15076.00,15076.00,0.00
2025.06.19 04:00:00,15076.00,15076.00,0.00
2025.06.19 08:00:03,15076.00,15076.00,0.00
2025.06.19 12:00:00,15076.00,15076.00,0.00
2025.06.19 16:00:00,15076.00,15076.00,0.00
2025.06.19 20:00:00,15076.00,15076.00,0.00
2025.06.20 00:05:26,15076.00,15076.00,0.00
2025.06.20 04:00:00,15076.00,15076.00,0.00
2025.06.20 08:00:00,15076.00,15076.00,0.00
2025.06.20 12:00:00,15076.00,15076.00,0.00
2025.06.20 16:00:00,15076.00,15076.00,0.00
2025.06.20 20:00:00,15076.00,15076.00,0.00
2025.06.23 00:05:26,15076.00,15076.00,0.00
2025.06.23 04:00:00,15076.00,15076.00,0.00
2025.06.23 08:00:00,15076.00,15076.00,0.00
2025.06.23 12:00:00,15076.00,15076.00,0.00
2025.06.23 16:00:00,15076.00,15076.00,0.00
2025.06.23 20:00:00,15076.00,15076.00,0.00
2025.06.24 00:05:56,15076.00,15076.00,0.00
2025.06.24 04:00:00,15076.00,15076.00,0.00
2025.06.24 08:00:00,15076.00,15076.00,0.00
2025.06.24 12:00:00,15076.00,15076.00,0.00
2025.06.24 16:00:00,15076.00,15076.00,0.00
2025.06.24 20:00:00,15076.00,15076.00,0.00
2025.06.25 00:05:34,15076.00,15076.00,0.00
2025.06.25 04:00:00,15076.00,15076.00,0.00
2025.06.25 08:00:01,15076.00,15076.00,0.00
2025.06.25 12:00:00,15076.00,15076.00,0.00
2025.06.25 16:00:00,15076.00,15076.00,0.00
2025.06.25 20:00:00,15076.00,15076.00,0.00
2025.06.26 00:05:34,15076.00,15076.00,0.00
2025.06.26 04:00:14,15076.00,15076.00,0.00
2025.06.26 08:00:00,15076.00,15076.00,0.00
2025.06.26 12:00:00,15076.00,15076.00,0.00
2025.06.26 16:00:00,15076.00,15076.00,0.00
2025.06.26 20:00:00,15076.00,15076.00,0.00
2025.06.27 00:05:32,15076.00,15076.00,0.00
2025.06.27 04:00:00,15076.00,15076.00,0.00
2025.06.27 08:00:00,15076.00,15076.00,0.00
2025.06.27 12:00:00,15076.00,15076.00,0.00
2025.06.27 16:00:01,15076.00,15076.00,0.00
2025.06.27 20:00:00,15076.00,15075.88,-0.12
2025.06.30 00:05:13,15076.00,15076.30,0.30
2025.06.30 04:00:00,15076.32,15076.32,0.00
2025.06.30 08:00:01,15076.32,15076.32,0.00
2025.06.30 12:00:00,15076.32,15076.32,0.00
2025.06.30 16:00:00,15076.32,15076.32,0.00
2025.06.30 20:00:00,15076.32,15076.32,0.00
2025.07.01 00:10:01,15076.32,15076.32,0.00
2025.07.01 04:00:00,15076.32,15076.32,0.00
2025.07.01 08:00:00,15076.32,15076.32,0.00
2025.07.01 12:00:00,15076.32,15076.32,0.00
2025.07.01 16:00:00,15076.32,15076.32,0.00
2025.07.01 20:00:00,15076.32,15076.32,0.00
2025.07.02 00:05:17,15076.32,15076.32,0.00
2025.07.02 04:00:00,15076.32,15076.32,0.00
2025.07.02 08:00:01,15076.32,15076.32,0.00
2025.07.02 12:00:00,15076.32,15076.32,0.00
2025.07.02 16:00:00,15076.32,15076.32,0.00
2025.07.02 20:00:00,15076.32,15076.32,0.00
2025.07.03 00:05:15,15076.32,15076.32,0.00
2025.07.03 04:00:00,15076.32,15076.32,0.00
2025.07.03 08:00:00,15076.32,15076.32,0.00
2025.07.03 12:00:00,15076.32,15076.32,0.00
2025.07.03 16:00:00,15076.32,15076.32,0.00
2025.07.03 20:00:01,15076.32,15076.32,0.00
2025.07.04 00:05:18,15076.32,15076.32,0.00
2025.07.04 04:00:00,15076.32,15076.32,0.00
2025.07.04 08:00:00,15076.32,15076.32,0.00
2025.07.04 12:00:00,15076.32,15076.32,0.00
2025.07.04 16:00:00,15076.32,15076.32,0.00
2025.07.04 20:00:00,15076.32,15076.32,0.00
2025.07.07 00:05:18,15076.32,15076.32,0.00
2025.07.07 04:00:00,15076.32,15076.32,0.00
2025.07.07 08:00:23,15076.32,15076.32,0.00
2025.07.07 12:00:00,15076.32,15076.32,0.00
2025.07.07 16:00:00,15076.32,15076.32,0.00
2025.07.07 20:00:00,15076.32,15076.32,0.00
2025.07.08 00:05:19,15076.32,15076.32,0.00
2025.07.08 04:00:00,15076.32,15076.32,0.00
2025.07.08 08:00:05,15076.32,15076.32,0.00
2025.07.08 12:00:00,15076.32,15076.32,0.00
2025.07.08 16:00:00,15076.32,15076.32,0.00
2025.07.08 20:00:00,15076.32,15076.32,0.00
2025.07.09 00:05:19,15076.32,15076.32,0.00
2025.07.09 04:00:00,15076.32,15076.32,0.00
2025.07.09 08:00:00,15076.32,15076.32,0.00
2025.07.09 12:00:00,15076.32,15076.32,0.00
2025.07.09 16:00:00,15076.32,15076.32,0.00
2025.07.09 20:00:00,15076.32,15076.32,0.00
2025.07.10 00:05:20,15076.32,15076.32,0.00
2025.07.10 04:00:00,15076.32,15076.32,0.00
2025.07.10 08:00:00,15076.32,15076.32,0.00
2025.07.10 12:00:00,15076.32,15076.32,0.00
2025.07.10 16:00:00,15076.32,15076.32,0.00
2025.07.10 20:00:00,15076.32,15076.32,0.00
2025.07.11 00:05:20,15076.32,15076.32,0.00
2025.07.11 04:00:00,15076.32,15076.32,0.00
2025.07.11 08:00:00,15076.32,15076.32,0.00
2025.07.11 12:00:00,15076.32,15076.32,0.00
2025.07.11 16:00:00,15076.32,15076.32,0.00
2025.07.11 20:00:00,15076.32,15076.32,0.00
2025.07.14 00:05:24,15076.32,15076.32,0.00
2025.07.14 04:00:00,15076.32,15076.32,0.00
2025.07.14 08:00:00,15076.32,15076.32,0.00
2025.07.14 12:00:01,15076.32,15076.20,-0.12
2025.07.14 16:00:00,15076.32,15076.69,0.37
2025.07.14 20:00:00,15076.32,15076.95,0.63
2025.07.15 00:05:24,15076.32,15077.04,0.72
2025.07.15 04:00:00,15077.04,15077.04,0.00
2025.07.15 08:00:02,15077.04,15077.04,0.00
2025.07.15 12:00:00,15077.04,15077.04,0.00
2025.07.15 16:00:00,15077.04,15077.04,0.00
2025.07.15 20:00:00,15077.04,15077.04,0.00
2025.07.16 00:05:25,15077.04,15077.04,0.00
2025.07.16 04:00:00,15077.04,15077.04,0.00
2025.07.16 08:00:00,15077.04,15077.04,0.00
2025.07.16 12:00:00,15077.04,15077.04,0.00
2025.07.16 16:00:00,15077.04,15077.04,0.00
2025.07.16 20:00:00,15077.04,15077.04,0.00
2025.07.17 00:05:27,15077.04,15077.04,0.00
2025.07.17 04:00:00,15077.04,15077.04,0.00
2025.07.17 08:00:07,15077.04,15077.04,0.00
2025.07.17 12:00:00,15077.04,15077.04,0.00
2025.07.17 16:00:00,15077.04,15077.04,0.00
2025.07.17 20:00:00,15077.04,15077.04,0.00
2025.07.18 00:05:22,15077.04,15077.04,0.00
2025.07.18 04:00:00,15077.04,15077.04,0.00
2025.07.18 08:00:00,15077.04,15077.04,0.00
2025.07.18 12:00:00,15077.04,15076.92,-0.12
2025.07.18 16:00:01,15077.04,15078.54,1.50
2025.07.18 20:00:00,15078.54,15078.54,0.00
2025.07.21 00:05:28,15078.54,15078.54,0.00
2025.07.21 04:00:00,15078.54,15078.54,0.00
2025.07.21 08:00:00,15078.54,15078.54,0.00
2025.07.21 12:00:00,15078.54,15078.54,0.00
2025.07.21 16:00:01,15078.54,15078.54,0.00
2025.07.21 20:00:00,15078.54,15078.54,0.00
2025.07.22 00:05:32,15078.54,15078.54,0.00
2025.07.22 04:00:00,15078.54,15078.54,0.00
2025.07.22 08:00:00,15078.54,15078.54,0.00
2025.07.22 12:00:00,15078.54,15078.54,0.00
2025.07.22 16:00:00,15078.54,15078.54,0.00
2025.07.22 20:00:00,15078.54,15078.54,0.00
2025.07.23 00:05:31,15078.54,15078.54,0.00
2025.07.23 04:00:00,15078.54,15078.54,0.00
2025.07.23 08:00:00,15078.54,15078.54,0.00
2025.07.23 12:00:00,15078.54,15078.54,0.00
2025.07.23 16:00:01,15078.54,15078.42,-0.12
2025.07.23 20:00:00,15078.54,15079.44,0.90
2025.07.24 00:05:32,15078.54,15077.75,-0.79
2025.07.24 04:00:00,15078.54,15078.64,0.10
2025.07.24 08:00:00,15078.54,15078.43,-0.11
2025.07.24 12:00:01,15078.54,15078.60,0.06
2025.07.24 16:00:00,15078.54,15079.53,0.99
2025.07.24 20:00:04,15078.54,15080.92,2.38
2025.07.25 00:05:30,15078.54,15081.29,2.75
2025.07.25 04:00:00,15078.54,15081.27,2.73
2025.07.25 08:00:00,15078.54,15082.56,4.02
2025.07.25 12:00:01,15078.54,15083.79,5.25
2025.07.25 16:00:00,15083.79,15083.79,0.00
2025.07.25 20:00:00,15083.79,15083.79,0.00
2025.07.28 00:05:14,15083.79,15083.79,0.00
2025.07.28 04:00:00,15083.79,15083.79,0.00
2025.07.28 08:00:00,15083.79,15083.79,0.00
2025.07.28 12:00:01,15083.79,15083.79,0.00
2025.07.28 16:00:00,15083.79,15083.79,0.00
2025.07.28 20:00:00,15083.79,15083.79,0.00
2025.07.29 00:05:20,15083.79,15083.79,0.00
2025.07.29 04:00:00,15083.79,15083.79,0.00
2025.07.29 08:00:00,15083.79,15083.79,0.00
2025.07.29 12:00:00,15083.79,15083.79,0.00
2025.07.29 16:00:00,15083.79,15083.79,0.00
2025.07.29 20:00:00,15083.79,15083.79,0.00
2025.07.30 00:05:17,15083.79,15083.79,0.00
2025.07.30 04:00:00,15083.79,15083.79,0.00
2025.07.30 08:00:00,15083.79,15083.79,0.00
2025.07.30 12:00:00,15083.79,15083.79,0.00
2025.07.30 16:00:00,15083.79,15083.79,0.00
2025.07.30 20:00:00,15083.79,15083.79,0.00
2025.07.31 00:05:29,15083.79,15083.79,0.00
2025.07.31 04:00:00,15083.79,15083.79,0.00
2025.07.31 08:00:00,15083.79,15083.79,0.00
2025.07.31 12:00:00,15083.79,15083.79,0.00
2025.07.31 16:00:00,15083.79,15083.79,0.00
2025.07.31 20:00:00,15083.79,15083.79,0.00
2025.08.01 00:05:03,15083.79,15083.79,0.00
2025.08.01 04:00:00,15083.79,15083.79,0.00
2025.08.01 08:00:00,15083.79,15083.79,0.00
2025.08.01 12:00:00,15083.79,15083.79,0.00
2025.08.01 16:00:00,15083.79,15083.79,0.00
2025.08.01 20:00:00,15083.79,15083.79,0.00
2025.08.04 00:05:25,15083.79,15083.79,0.00
2025.08.04 04:00:00,15083.79,15083.79,0.00
2025.08.04 08:00:00,15083.79,15083.79,0.00
2025.08.04 12:00:00,15083.79,15083.79,0.00
2025.08.04 16:00:00,15083.79,15083.79,0.00
2025.08.04 20:00:00,15083.79,15083.79,0.00
2025.08.05 00:05:26,15083.79,15083.79,0.00
2025.08.05 04:00:00,15083.79,15083.79,0.00
2025.08.05 08:00:00,15083.79,15083.79,0.00
2025.08.05 12:00:00,15083.79,15083.79,0.00
2025.08.05 16:00:00,15083.79,15083.79,0.00
2025.08.05 20:00:00,15083.79,15083.79,0.00
2025.08.06 00:05:25,15083.79,15083.79,0.00
2025.08.06 04:00:00,15083.79,15083.79,0.00
2025.08.06 08:00:00,15083.79,15083.79,0.00
2025.08.06 12:00:00,15083.79,15083.79,0.00
2025.08.06 16:00:00,15083.79,15083.79,0.00
2025.08.06 20:00:00,15083.79,15083.79,0.00
2025.08.07 00:05:28,15083.79,15083.79,0.00
2025.08.07 04:00:00,15083.79,15083.79,0.00
2025.08.07 08:00:00,15083.79,15083.79,0.00
2025.08.07 12:00:00,15083.79,15083.79,0.00
2025.08.07 16:00:00,15083.79,15083.79,0.00
2025.08.07 20:00:00,15083.79,15083.66,-0.13
2025.08.08 00:05:34,15083.79,15082.96,-0.83
2025.08.08 04:00:00,15083.79,15082.64,-1.15
2025.08.08 08:00:06,15083.79,15082.84,-0.95
2025.08.08 12:00:00,15083.79,15082.49,-1.30
2025.08.08 16:00:00,15083.79,15084.08,0.29
2025.08.08 20:00:00,15083.79,15083.64,-0.15
2025.08.11 00:05:14,15083.79,15083.45,-0.34
2025.08.11 04:00:00,15083.79,15084.10,0.31
2025.08.11 08:00:01,15083.79,15083.57,-0.22
2025.08.11 12:00:00,15083.79,15084.54,0.75
2025.08.11 16:00:00,15084.54,15084.54,0.00
2025.08.11 20:00:00,15084.54,15084.54,0.00
2025.08.12 00:05:14,15084.54,15084.54,0.00
2025.08.12 04:00:00,15084.54,15084.54,0.00
2025.08.12 08:00:00,15084.54,15084.54,0.00
2025.08.12 12:00:00,15084.54,15084.54,0.00
2025.08.12 16:00:00,15084.54,15084.54,0.00
2025.08.12 20:00:00,15084.54,15084.54,0.00
2025.08.13 00:05:14,15084.54,15084.54,0.00
2025.08.13 04:00:00,15084.54,15084.54,0.00
2025.08.13 08:00:00,15084.54,15084.54,0.00
2025.08.13 12:00:00,15084.54,15084.54,0.00
2025.08.13 16:00:00,15084.54,15084.54,0.00
2025.08.13 20:00:00,15084.54,15084.54,0.00
2025.08.14 00:05:14,15084.54,15084.54,0.00
2025.08.14 04:00:00,15084.54,15084.54,0.00
2025.08.14 08:00:02,15084.54,15084.54,0.00
2025.08.14 12:00:00,15084.54,15084.54,0.00
2025.08.14 16:00:00,15084.54,15084.54,0.00
2025.08.14 20:00:00,15084.54,15084.54,0.00
2025.08.15 00:05:15,15084.54,15084.54,0.00
2025.08.15 04:00:00,15084.54,15084.54,0.00
2025.08.15 08:00:00,15084.54,15084.54,0.00
2025.08.15 12:00:00,15084.54,15084.54,0.00
2025.08.15 16:00:00,15084.54,15084.41,-0.13
2025.08.15 20:00:02,15084.54,15083.19,-1.35
2025.08.18 00:05:16,15084.54,15082.63,-1.91
2025.08.18 04:00:00,15084.54,15083.30,-1.24
2025.08.18 08:00:00,15084.54,15083.79,-0.75
2025.08.18 12:00:00,15084.54,15084.29,-0.25
2025.08.18 16:00:00,15084.54,15084.48,-0.06
2025.08.18 20:00:00,15084.48,15084.48,0.00
2025.08.19 00:05:20,15084.48,15084.48,0.00
2025.08.19 04:00:00,15084.48,15084.48,0.00
2025.08.19 08:00:00,15084.48,15084.48,0.00
2025.08.19 12:00:00,15084.48,15084.48,0.00
2025.08.19 16:00:00,15084.48,15084.48,0.00
2025.08.19 20:00:00,15084.48,15084.48,0.00
2025.08.20 00:05:22,15084.48,15084.48,0.00
2025.08.20 04:00:01,15084.48,15084.48,0.00
2025.08.20 08:00:00,15084.48,15084.48,0.00
2025.08.20 12:00:00,15084.48,15084.48,0.00
2025.08.20 16:00:00,15084.48,15084.35,-0.13
2025.08.20 20:00:00,15084.48,15083.55,-0.93
2025.08.21 00:05:21,15084.48,15083.03,-1.45
2025.08.21 04:00:00,15084.48,15082.62,-1.86
2025.08.21 08:00:00,15084.48,15082.57,-1.91
2025.08.21 12:00:00,15084.48,15082.64,-1.84
2025.08.21 16:00:00,15084.48,15081.47,-3.01
2025.08.21 20:00:00,15084.48,15081.29,-3.19
2025.08.22 00:05:21,15084.48,15080.21,-4.27
2025.08.22 04:00:00,15084.48,15080.48,-4.00
2025.08.22 08:00:00,15084.48,15079.95,-4.53
2025.08.22 12:00:00,15084.48,15080.44,-4.04
2025.08.22 16:00:00,15084.48,15079.82,-4.66
2025.08.22 20:00:00,15084.48,15085.66,1.18
2025.08.25 00:05:26,15085.67,15085.67,0.00
2025.08.25 04:00:00,15085.67,15085.67,0.00
2025.08.25 08:00:00,15085.67,15085.67,0.00
2025.08.25 12:00:00,15085.67,15085.67,0.00
2025.08.25 16:00:00,15085.67,15085.67,0.00
2025.08.25 20:00:00,15085.67,15085.67,0.00
2025.08.26 00:05:27,15085.67,15085.67,0.00
2025.08.26 04:00:00,15085.67,15085.67,0.00
2025.08.26 08:00:00,15085.67,15085.67,0.00
2025.08.26 12:00:00,15085.67,15085.67,0.00
2025.08.26 16:00:00,15085.67,15085.67,0.00
2025.08.26 20:00:00,15085.67,15085.67,0.00
2025.08.27 00:05:26,15085.67,15085.67,0.00
2025.08.27 04:00:00,15085.67,15085.67,0.00
2025.08.27 08:00:00,15085.67,15085.67,0.00
2025.08.27 12:00:00,15085.67,15085.67,0.00
2025.08.27 16:00:00,15085.67,15085.67,0.00
2025.08.27 20:00:00,15085.67,15085.67,0.00
2025.08.28 00:05:34,15085.67,15085.67,0.00
2025.08.28 04:00:00,15085.67,15085.67,0.00
2025.08.28 08:00:00,15085.67,15085.67,0.00
2025.08.28 12:00:00,15085.67,15085.67,0.00
2025.08.28 16:00:00,15085.67,15085.67,0.00
2025.08.28 20:00:00,15085.67,15085.67,0.00
2025.08.29 00:05:30,15085.67,15085.67,0.00
2025.08.29 04:00:00,15085.67,15085.67,0.00
2025.08.29 08:00:00,15085.67,15085.67,0.00
2025.08.29 12:00:00,15085.67,15085.67,0.00
2025.08.29 16:00:00,15085.67,15085.53,-0.14
2025.08.29 20:00:00,15085.67,15082.71,-2.96
2025.09.01 00:05:00,15085.67,15082.50,-3.17
2025.09.01 04:00:00,15085.67,15083.04,-2.63
2025.09.01 08:00:00,15085.67,15083.21,-2.46
2025.09.01 12:00:00,15085.67,15083.31,-2.36
2025.09.01 16:00:00,15085.67,15084.22,-1.45
2025.09.01 20:00:00,15085.67,15084.40,-1.27
2025.09.02 00:05:11,15085.67,15083.92,-1.75
2025.09.02 04:00:00,15085.67,15083.92,-1.75
2025.09.02 08:00:00,15085.67,15084.63,-1.04
2025.09.02 12:00:00,15085.67,15085.50,-0.17
2025.09.02 16:00:00,15085.67,15088.34,2.67
2025.09.02 20:00:00,15088.33,15088.33,0.00
2025.09.03 00:05:32,15088.33,15088.33,0.00
2025.09.03 04:00:00,15088.33,15088.33,0.00
2025.09.03 08:00:00,15088.33,15088.33,0.00
2025.09.03 12:00:00,15088.33,15088.33,0.00
2025.09.03 16:00:00,15088.33,15088.33,0.00
2025.09.03 20:00:00,15088.33,15088.33,0.00
2025.09.04 00:05:01,15088.33,15088.33,0.00
2025.09.04 04:00:00,15088.33,15088.33,0.00
2025.09.04 08:00:00,15088.33,15088.33,0.00
2025.09.04 12:00:00,15088.33,15088.33,0.00
2025.09.04 16:00:00,15088.33,15088.33,0.00
2025.09.04 20:00:00,15088.33,15088.20,-0.13
2025.09.05 00:05:02,15088.33,15088.92,0.59
2025.09.05 04:00:00,15088.33,15089.74,1.41
2025.09.05 08:00:14,15088.33,15089.74,1.41
2025.09.05 12:00:00,15088.33,15091.04,2.71
2025.09.05 16:00:00,15088.33,15090.14,1.81
2025.09.05 20:00:00,15090.18,15090.18,0.00
2025.09.08 00:05:00,15090.18,15090.18,0.00
2025.09.08 04:00:00,15090.18,15090.18,0.00
2025.09.08 08:00:00,15090.18,15090.18,0.00
2025.09.08 12:00:00,15090.18,15090.18,0.00
2025.09.08 16:00:00,15090.18,15090.18,0.00
2025.09.08 20:00:00,15090.18,15090.18,0.00
2025.09.09 00:05:18,15090.18,15090.18,0.00
2025.09.09 04:00:00,15090.18,15090.18,0.00
2025.09.09 08:00:00,15090.18,15090.18,0.00
2025.09.09 12:00:00,15090.18,15090.18,0.00
2025.09.09 16:00:02,15090.18,15090.18,0.00
2025.09.09 20:00:00,15090.18,15090.18,0.00
2025.09.10 00:05:01,15090.18,15090.18,0.00
2025.09.10 04:00:00,15090.18,15090.18,0.00
2025.09.10 08:00:00,15090.18,15090.18,0.00
2025.09.10 12:00:00,15090.18,15090.18,0.00
2025.09.10 16:00:00,15090.18,15090.18,0.00
2025.09.10 20:00:00,15090.18,15090.18,0.00
2025.09.11 00:05:01,15090.18,15090.18,0.00
2025.09.11 04:00:00,15090.18,15090.18,0.00
2025.09.11 08:00:00,15090.18,15090.18,0.00
2025.09.11 12:00:00,15090.18,15090.18,0.00
2025.09.11 16:00:00,15090.18,15090.18,0.00
2025.09.11 20:00:00,15090.18,15090.18,0.00
2025.09.12 00:05:04,15090.18,15090.18,0.00
2025.09.12 04:00:00,15090.18,15090.18,0.00
2025.09.12 08:00:00,15090.18,15090.18,0.00
2025.09.12 12:00:00,15090.18,15090.18,0.00
2025.09.12 16:00:00,15090.18,15090.18,0.00
2025.09.12 20:00:00,15090.18,15090.18,0.00
2025.09.15 00:05:00,15090.18,15090.18,0.00
2025.09.15 04:00:00,15090.18,15090.18,0.00
2025.09.15 08:00:00,15090.18,15090.18,0.00
2025.09.15 12:00:00,15090.18,15090.18,0.00
2025.09.15 16:00:00,15090.18,15090.18,0.00
2025.09.15 20:00:00,15090.18,15090.18,0.00
2025.09.16 00:05:29,15090.18,15090.18,0.00
2025.09.16 04:00:00,15090.18,15090.18,0.00
2025.09.16 08:00:00,15090.18,15090.18,0.00
2025.09.16 12:00:00,15090.18,15090.18,0.00
2025.09.16 16:00:00,15090.18,15090.18,0.00
2025.09.16 20:00:00,15090.18,15090.18,0.00
2025.09.17 00:05:01,15090.18,15090.18,0.00
2025.09.17 04:00:00,15090.18,15090.18,0.00
2025.09.17 08:00:00,15090.18,15090.05,-0.13
2025.09.17 12:00:02,15090.18,15090.43,0.25
2025.09.17 16:00:00,15090.18,15090.21,0.03
2025.09.17 20:00:00,15090.18,15090.73,0.55
2025.09.18 00:05:33,15090.18,15091.67,1.49
2025.09.18 04:00:00,15090.18,15091.31,1.13
2025.09.18 08:00:00,15090.18,15092.60,2.42
2025.09.18 12:00:00,15090.18,15092.27,2.09
2025.09.18 16:00:00,15090.18,15092.65,2.47
2025.09.18 20:00:04,15090.18,15093.80,3.62
2025.09.19 00:05:03,15090.18,15093.33,3.15
2025.09.19 04:00:00,15090.18,15093.34,3.16
2025.09.19 08:00:00,15090.18,15093.47,3.29
2025.09.19 12:00:00,15090.18,15094.27,4.09
2025.09.19 16:00:00,15094.28,15094.28,0.00
2025.09.19 20:00:00,15094.28,15094.28,0.00
2025.09.22 00:05:00,15094.28,15094.28,0.00
2025.09.22 04:00:00,15094.28,15094.28,0.00
2025.09.22 08:00:00,15094.28,15094.28,0.00
2025.09.22 12:00:00,15094.28,15094.28,0.00
2025.09.22 16:00:00,15094.28,15094.28,0.00
2025.09.22 20:00:03,15094.28,15094.28,0.00
2025.09.23 00:05:00,15094.28,15094.28,0.00
2025.09.23 04:00:00,15094.28,15094.28,0.00
2025.09.23 08:00:00,15094.28,15094.28,0.00
2025.09.23 12:00:00,15094.28,15094.28,0.00
2025.09.23 16:00:00,15094.28,15094.28,0.00
2025.09.23 20:00:00,15094.28,15094.28,0.00
2025.09.24 00:05:00,15094.28,15094.28,0.00
2025.09.24 04:00:00,15094.28,15094.28,0.00
2025.09.24 08:00:00,15094.28,15094.28,0.00
2025.09.24 12:00:01,15094.28,15094.28,0.00
2025.09.24 16:00:00,15094.28,15094.28,0.00
2025.09.24 20:00:00,15094.28,15094.28,0.00
2025.09.25 00:05:36,15094.28,15094.28,0.00
2025.09.25 04:00:00,15094.28,15094.28,0.00
2025.09.25 08:00:00,15094.28,15094.16,-0.12
2025.09.25 12:00:00,15094.28,15093.70,-0.58
2025.09.25 16:00:00,15094.28,15092.75,-1.53
2025.09.25 20:00:00,15094.28,15090.70,-3.58
2025.09.26 00:05:19,15094.28,15090.24,-4.04
2025.09.26 04:00:00,15094.28,15090.38,-3.90
2025.09.26 08:00:00,15094.28,15090.62,-3.66
2025.09.26 12:00:00,15094.28,15089.79,-4.49
2025.09.26 16:00:00,15094.28,15090.62,-3.66
2025.09.26 20:00:00,15094.28,15090.52,-3.76
2025.09.29 00:05:00,15094.28,15089.94,-4.34
2025.09.29 04:00:00,15094.28,15091.10,-3.18
2025.09.29 08:00:00,15094.28,15091.53,-2.75
2025.09.29 12:00:00,15094.28,15091.84,-2.44
2025.09.29 16:00:00,15094.28,15091.04,-3.24
2025.09.29 20:00:00,15094.28,15092.16,-2.12
2025.09.30 00:05:17,15094.28,15091.51,-2.77
2025.09.30 04:00:00,15094.28,15091.49,-2.79
2025.09.30 08:00:00,15094.28,15092.01,-2.27
2025.09.30 12:00:00,15094.28,15092.27,-2.01
2025.09.30 16:00:00,15094.28,15091.64,-2.64
2025.09.30 20:00:01,15094.28,15091.48,-2.80
2025.10.01 00:05:00,15094.28,15091.21,-3.07
2025.10.01 04:00:00,15094.28,15091.01,-3.27
2025.10.01 08:00:00,15094.28,15091.91,-2.37
2025.10.01 12:00:00,15094.28,15091.63,-2.65
2025.10.01 16:00:00,15094.28,15090.86,-3.42
2025.10.01 20:00:00,15094.28,15089.50,-4.78
2025.10.02 00:05:00,15094.28,15090.21,-4.07
2025.10.02 04:00:02,15094.28,15089.57,-4.71
2025.10.02 08:00:00,15094.28,15089.48,-4.80
2025.10.02 12:00:00,15094.28,15090.09,-4.19
2025.10.02 16:00:00,15094.28,15089.42,-4.86
2025.10.02 20:00:00,15094.28,15087.93,-6.35
2025.10.03 00:05:12,15094.28,15087.74,-6.54
2025.10.03 04:00:00,15094.28,15088.04,-6.24
2025.10.03 08:00:00,15094.28,15087.80,-6.48
2025.10.03 12:00:00,15094.28,15088.28,-6.00
2025.10.03 16:00:00,15094.28,15088.78,-5.50
2025.10.03 20:00:00,15094.28,15089.48,-4.80
2025.10.06 00:05:00,15094.28,15086.03,-8.25
2025.10.06 04:00:00,15094.28,15087.32,-6.96
2025.10.06 08:00:00,15094.28,15088.15,-6.13
2025.10.06 12:00:00,15094.28,15088.63,-5.65
2025.10.06 16:00:00,15094.28,15086.23,-8.05
2025.10.06 20:00:00,15094.28,15088.88,-5.40
2025.10.07 00:05:05,15094.28,15089.87,-4.41
2025.10.07 04:00:00,15094.28,15088.59,-5.69
2025.10.07 08:00:00,15094.16,15088.79,-5.37
2025.10.07 12:00:00,15094.16,15087.01,-7.15
2025.10.07 16:00:00,15094.16,15087.61,-6.55
2025.10.07 20:00:00,15094.16,15088.00,-6.16
2025.10.08 00:05:00,15094.16,15088.00,-6.16
2025.10.08 04:00:00,15094.16,15086.89,-7.27
2025.10.08 08:00:00,15094.16,15085.15,-9.01
2025.10.08 12:00:00,15094.16,15087.38,-6.78
2025.10.08 16:00:00,15094.16,15090.33,-3.83
2025.10.08 20:00:00,15094.16,15081.53,-12.63
2025.10.09 00:05:11,15094.16,15082.48,-11.68
2025.10.09 04:00:00,15094.16,15084.41,-9.75
2025.10.09 08:00:00,15094.16,15090.13,-4.03
2025.10.09 12:00:00,15094.16,15082.45,-11.71
2025.10.09 16:00:00,15094.16,15086.09,-8.07
2025.10.09 20:00:00,15094.16,15052.97,-41.19
2025.10.10 00:05:30,15094.16,15051.06,-43.10
2025.10.10 04:00:00,15094.16,15054.77,-39.39
2025.10.10 08:00:00,15094.16,15055.52,-38.64
2025.10.10 12:00:00,15094.16,15055.01,-39.15
2025.10.10 16:00:00,15094.16,15068.56,-25.60
2025.10.10 20:00:00,15094.16,15048.66,-45.50
2025.10.13 00:05:00,15094.16,15052.65,-41.51
2025.10.13 04:00:00,15094.16,15060.42,-33.74
2025.10.13 08:00:00,15094.16,15060.42,-33.74
2025.10.13 12:00:00,15094.16,15053.99,-40.17
2025.10.13 16:00:00,15094.16,15044.91,-49.25
2025.10.13 20:00:00,15094.16,15030.94,-63.22
2025.10.14 00:05:02,15094.16,15025.80,-68.36
2025.10.14 04:00:00,15094.16,15024.78,-69.38
2025.10.14 08:00:00,15094.16,15020.67,-73.49
2025.10.14 12:00:00,15094.16,15008.49,-85.67
2025.10.14 16:00:00,15094.16,14999.04,-95.12
2025.10.14 20:00:00,15095.02,15020.70,-74.32
2025.10.15 00:05:02,15095.02,15012.29,-82.73
2025.10.15 04:00:00,15095.02,15017.01,-78.01
2025.10.15 08:00:00,15095.02,15027.35,-67.67
2025.10.15 12:00:02,15095.02,15018.94,-76.08
2025.10.15 16:00:00,15095.02,15009.36,-85.66
2025.10.15 20:00:00,15095.02,15030.80,-64.22
2025.10.16 00:05:01,15095.02,15007.16,-87.86
2025.10.16 04:00:00,15095.02,15020.20,-74.82
2025.10.16 08:00:00,15095.02,15026.71,-68.31
2025.10.16 12:00:00,15095.02,15021.73,-73.29
2025.10.16 16:00:00,15095.02,15004.37,-90.65
2025.10.16 20:00:00,15095.02,15013.17,-81.85
2025.10.17 00:05:36,15095.02,14997.87,-97.15
2025.10.17 04:00:00,15095.02,15017.63,-77.39
2025.10.17 08:00:00,15095.02,15017.89,-77.13
2025.10.17 12:00:00,15095.02,15004.13,-90.89
2025.10.17 16:00:00,15095.02,15018.41,-76.61
2025.10.17 20:00:00,15095.02,15018.93,-76.09
2025.10.20 00:05:00,15095.02,15039.00,-56.02
2025.10.20 04:00:00,15095.02,15051.29,-43.73
2025.10.20 08:00:00,15095.41,15052.69,-42.72
2025.10.20 12:00:00,15095.41,15030.72,-64.69
2025.10.20 16:00:00,15095.41,15016.98,-78.43
2025.10.20 20:00:00,15095.41,15033.82,-61.59
2025.10.21 00:05:09,15095.41,15024.87,-70.54
2025.10.21 04:00:00,15095.41,15030.40,-65.01
2025.10.21 08:00:00,15095.41,15011.47,-83.94
2025.10.21 12:00:00,15095.41,14999.05,-96.36
2025.10.21 16:00:00,15095.41,15034.32,-61.09
2025.10.21 20:00:00,15095.41,15044.39,-51.02
2025.10.22 00:05:37,15095.41,15033.30,-62.11
2025.10.22 04:00:00,15095.41,15046.76,-48.65
2025.10.22 08:00:00,15095.41,15064.57,-30.84
2025.10.22 12:00:00,15095.41,15055.61,-39.80
2025.10.22 16:00:00,15095.41,15033.80,-61.61
2025.10.22 20:00:00,15095.41,15097.18,1.77
2025.10.23 00:05:45,15100.63,15098.01,-2.62
2025.10.23 04:00:00,15100.63,15097.85,-2.78
2025.10.23 08:00:00,15100.63,15098.45,-2.18
2025.10.23 12:00:00,15100.63,15098.18,-2.45
2025.10.23 16:00:01,15100.63,15098.15,-2.48
2025.10.23 20:00:00,15100.63,15098.44,-2.19
2025.10.24 00:05:11,15100.63,15097.81,-2.82
2025.10.24 04:00:00,15100.63,15097.73,-2.90
2025.10.24 08:00:00,15100.63,15099.14,-1.49
2025.10.24 12:00:00,15100.63,15100.98,0.35
2025.10.24 16:00:00,15100.63,15100.92,0.29
2025.10.24 20:00:00,15100.63,15098.28,-2.35
2025.10.27 00:00:00,15100.63,15097.89,-2.74
2025.10.27 04:00:00,15100.63,15093.20,-7.43
2025.10.27 08:00:00,15100.63,15093.51,-7.12
2025.10.27 12:00:00,15100.63,15091.03,-9.60
2025.10.27 16:00:00,15100.63,15095.71,-4.92
2025.10.27 20:00:00,15100.63,15096.27,-4.36
2025.10.28 00:00:00,15100.63,15094.45,-6.18
2025.10.28 04:00:00,15100.63,15094.22,-6.41
2025.10.28 08:00:00,15100.63,15094.63,-6.00
2025.10.28 12:00:00,15100.63,15095.74,-4.89
2025.10.28 16:00:00,15100.63,15091.41,-9.22
2025.10.28 20:00:00,15100.63,15072.79,-27.84
2025.10.29 00:00:00,15100.63,15073.28,-27.35
2025.10.29 04:00:00,15100.63,15069.13,-31.50
2025.10.29 08:00:00,15100.63,15071.42,-29.21
2025.10.29 12:00:00,15100.63,15072.54,-28.09
2025.10.29 16:00:00,15100.63,15062.67,-37.96
2025.10.29 20:00:00,15100.63,15053.46,-47.17
2025.10.30 00:00:00,15100.63,15071.58,-29.05
2025.10.30 04:00:00,15100.63,15070.05,-30.58
2025.10.30 08:00:00,15100.63,15069.07,-31.56
2025.10.30 12:00:00,15100.63,15076.15,-24.48
2025.10.30 16:00:00,15100.63,15096.51,-4.12
2025.10.30 20:00:00,15100.63,15089.60,-11.03
2025.10.31 00:00:00,15100.63,15089.36,-11.27
2025.10.31 04:00:00,15100.63,15090.76,-9.87
2025.10.31 08:00:00,15100.63,15093.77,-6.86
2025.10.31 12:00:00,15100.63,15101.08,0.45
2025.10.31 16:00:00,15102.13,15109.07,6.94
2025.10.31 20:00:00,15109.04,15109.04,0.00
2025.11.03 00:05:00,15109.04,15109.04,0.00
2025.11.03 04:00:00,15109.04,15109.04,0.00
2025.11.03 08:00:00,15109.04,15109.04,0.00
2025.11.03 12:00:00,15109.04,15109.04,0.00
2025.11.03 16:00:00,15109.04,15109.04,0.00
2025.11.03 20:00:00,15109.04,15109.04,0.00
2025.11.04 00:05:00,15109.04,15109.04,0.00
2025.11.04 04:00:00,15109.04,15109.04,0.00
2025.11.04 08:00:00,15109.04,15109.04,0.00
2025.11.04 12:00:00,15109.04,15109.04,0.00
2025.11.04 16:00:00,15109.04,15109.04,0.00
2025.11.04 20:00:00,15109.04,15109.04,0.00
2025.11.05 00:05:15,15109.04,15109.04,0.00
2025.11.05 04:00:00,15109.04,15109.04,0.00
2025.11.05 08:00:01,15109.04,15109.04,0.00
2025.11.05 12:00:00,15109.04,15109.04,0.00
2025.11.05 16:00:00,15109.04,15109.04,0.00
2025.11.05 20:00:00,15109.04,15108.92,-0.12
2025.11.06 00:05:00,15109.04,15109.21,0.17
2025.11.06 04:00:00,15109.04,15109.63,0.59
2025.11.06 08:00:00,15109.04,15109.73,0.69
2025.11.06 12:00:00,15109.04,15109.99,0.95
2025.11.06 16:00:00,15109.04,15110.09,1.05
2025.11.06 20:00:00,15109.04,15108.70,-0.34
2025.11.07 00:05:07,15109.04,15108.27,-0.77
2025.11.07 04:00:00,15109.04,15108.17,-0.87
2025.11.07 08:00:00,15109.04,15108.17,-0.87
2025.11.07 12:00:00,15109.04,15108.67,-0.37
2025.11.07 16:00:00,15109.04,15112.08,3.04
2025.11.07 20:00:00,15112.04,15112.04,0.00
2025.11.10 00:05:36,15112.04,15112.04,0.00
2025.11.10 04:00:00,15112.04,15112.04,0.00
2025.11.10 08:00:00,15112.04,15112.04,0.00
2025.11.10 12:00:00,15112.04,15112.04,0.00
2025.11.10 16:00:00,15112.04,15112.04,0.00
2025.11.10 20:00:00,15112.04,15112.04,0.00
2025.11.11 00:05:00,15112.04,15112.04,0.00
2025.11.11 04:00:00,15112.04,15111.91,-0.13
2025.11.11 08:00:00,15112.04,15112.18,0.14
2025.11.11 12:00:00,15112.04,15112.10,0.06
2025.11.11 16:00:00,15112.04,15110.14,-1.90
2025.11.11 20:00:00,15112.04,15109.87,-2.17
2025.11.12 00:05:04,15112.04,15110.44,-1.60
2025.11.12 04:00:00,15112.04,15111.02,-1.02
2025.11.12 08:00:00,15112.04,15110.47,-1.57
2025.11.12 12:00:00,15112.04,15111.04,-1.00
2025.11.12 16:00:00,15112.04,15110.85,-1.19
2025.11.12 20:00:00,15112.04,15109.49,-2.55
2025.11.13 00:05:00,15112.04,15109.98,-2.06
2025.11.13 04:00:00,15112.04,15110.39,-1.65
2025.11.13 08:00:00,15112.04,15110.54,-1.50
2025.11.13 12:00:00,15112.04,15109.11,-2.93
2025.11.13 16:00:00,15112.04,15110.28,-1.76
2025.11.13 20:00:00,15112.04,15111.40,-0.64
2025.11.14 00:05:03,15112.04,15111.46,-0.58
2025.11.14 04:00:00,15112.04,15111.36,-0.68
2025.11.14 08:00:03,15112.04,15111.54,-0.50
2025.11.14 12:00:00,15112.04,15112.28,0.24
2025.11.14 16:00:00,15112.04,15111.58,-0.46
2025.11.14 20:00:00,15112.04,15111.59,-0.45
2025.11.17 00:05:00,15112.04,15110.64,-1.40
2025.11.17 04:00:00,15112.04,15112.01,-0.03
2025.11.17 08:00:00,15112.04,15111.91,-0.13
2025.11.17 12:00:01,15112.04,15111.76,-0.28
2025.11.17 16:00:00,15112.04,15112.44,0.40
2025.11.17 20:00:00,15112.04,15111.65,-0.39
2025.11.18 00:05:01,15112.04,15113.14,1.10
2025.11.18 04:00:00,15112.58,15112.58,0.00
2025.11.18 08:00:00,15112.58,15112.58,0.00
2025.11.18 12:00:00,15112.58,15112.58,0.00
2025.11.18 16:00:00,15112.58,15112.58,0.00
2025.11.18 20:00:00,15112.58,15112.58,0.00
2025.11.19 00:05:01,15112.58,15112.58,0.00
2025.11.19 04:00:00,15112.58,15112.58,0.00
2025.11.19 08:00:00,15112.58,15112.58,0.00
2025.11.19 12:00:00,15112.58,15112.58,0.00
2025.11.19 16:00:00,15112.58,15112.44,-0.14
2025.11.19 20:00:00,15112.58,15115.26,2.68
2025.11.20 00:05:07,15115.26,15115.26,0.00
2025.11.20 04:00:00,15115.26,15115.26,0.00
2025.11.20 08:00:00,15115.26,15115.26,0.00
2025.11.20 12:00:00,15115.26,15115.26,0.00
2025.11.20 16:00:00,15115.26,15115.26,0.00
2025.11.20 20:00:00,15115.26,15115.26,0.00
2025.11.21 00:05:02,15115.26,15115.26,0.00
2025.11.21 04:00:00,15115.26,15115.26,0.00
2025.11.21 08:00:00,15115.26,15115.26,0.00
2025.11.21 12:00:00,15115.26,15115.26,0.00
2025.11.21 16:00:00,15115.26,15115.26,0.00
2025.11.21 20:00:00,15115.26,15115.26,0.00
2025.11.24 00:05:00,15115.26,15115.26,0.00
2025.11.24 04:00:00,15115.26,15115.26,0.00
2025.11.24 08:00:00,15115.26,15115.26,0.00
2025.11.24 12:00:00,15115.26,15115.26,0.00
2025.11.24 16:00:00,15115.26,15115.26,0.00
2025.11.24 20:00:00,15115.26,15115.26,0.00
2025.11.25 00:05:36,15115.26,15115.26,0.00
2025.11.25 04:00:00,15115.26,15115.26,0.00
2025.11.25 08:00:00,15115.26,15115.26,0.00
2025.11.25 12:00:00,15115.26,15115.26,0.00
2025.11.25 16:00:00,15115.26,15115.13,-0.13
2025.11.25 20:00:00,15115.26,15116.01,0.75
2025.11.26 00:05:01,15115.26,15115.52,0.26
2025.11.26 04:00:00,15115.26,15116.57,1.31
2025.11.26 08:00:00,15116.56,15116.56,0.00
2025.11.26 12:00:00,15116.56,15116.56,0.00
2025.11.26 16:00:00,15116.56,15116.56,0.00
2025.11.26 20:00:00,15116.56,15116.56,0.00
2025.11.27 00:05:36,15116.56,15116.56,0.00
2025.11.27 04:00:00,15116.56,15116.56,0.00
2025.11.27 08:00:00,15116.56,15116.56,0.00
2025.11.27 12:00:00,15116.56,15116.56,0.00
2025.11.27 16:00:01,15116.56,15116.56,0.00
2025.11.27 20:00:00,15116.56,15116.56,0.00
2025.11.28 00:05:36,15116.56,15116.56,0.00
2025.11.28 04:00:02,15116.56,15116.56,0.00
2025.11.28 08:00:00,15116.56,15116.56,0.00
2025.11.28 12:00:00,15116.56,15116.56,0.00
2025.11.28 16:00:00,15116.56,15116.56,0.00
2025.11.28 20:00:00,15116.56,15116.56,0.00
2025.12.01 00:05:00,15116.56,15116.56,0.00
2025.12.01 04:00:00,15116.56,15116.56,0.00
2025.12.01 08:00:00,15116.56,15116.56,0.00
2025.12.01 12:00:00,15116.56,15116.56,0.00
2025.12.01 16:00:00,15116.56,15116.56,0.00
2025.12.01 20:00:00,15116.56,15116.43,-0.13
2025.12.02 00:05:06,15116.56,15117.29,0.73
2025.12.02 04:00:00,15116.56,15117.80,1.24
2025.12.02 08:00:00,15116.56,15117.56,1.00
2025.12.02 12:00:00,15116.56,15118.28,1.72
2025.12.02 16:00:00,15116.56,15117.53,0.97
2025.12.02 20:00:00,15116.56,15116.71,0.15
2025.12.03 00:05:06,15116.56,15115.45,-1.11
2025.12.03 04:00:00,15116.56,15115.28,-1.28
2025.12.03 08:00:00,15116.56,15115.74,-0.82
2025.12.03 12:00:00,15116.56,15114.52,-2.04
2025.12.03 16:00:00,15116.56,15113.83,-2.73
2025.12.03 20:00:00,15116.56,15113.73,-2.83
2025.12.04 00:05:02,15116.56,15113.60,-2.96
2025.12.04 04:00:00,15116.56,15115.01,-1.55
2025.12.04 08:00:00,15116.56,15114.96,-1.60
2025.12.04 12:00:00,15116.56,15114.88,-1.68
2025.12.04 16:00:00,15116.56,15115.18,-1.38
2025.12.04 20:00:00,15116.56,15110.45,-6.11
2025.12.05 00:05:15,15116.56,15112.22,-4.34
2025.12.05 04:00:00,15116.56,15111.66,-4.90
2025.12.05 08:00:00,15116.56,15111.25,-5.31
2025.12.05 12:00:00,15116.56,15110.13,-6.43
2025.12.05 16:00:00,15116.56,15097.89,-18.67
2025.12.05 20:00:00,15116.56,15086.42,-30.14
2025.12.08 00:05:00,15116.56,15083.16,-33.40
2025.12.08 04:00:00,15116.56,15084.08,-32.48
2025.12.08 08:00:00,15116.56,15083.23,-33.33
2025.12.08 12:00:00,15116.56,15084.08,-32.48
2025.12.08 16:00:00,15116.56,15080.98,-35.58
2025.12.08 20:00:00,15116.56,15087.57,-28.99
2025.12.09 00:05:00,15116.56,15091.76,-24.80
2025.12.09 04:00:00,15116.56,15090.76,-25.80
2025.12.09 08:00:00,15116.56,15091.16,-25.40
2025.12.09 12:00:00,15116.56,15086.76,-29.80
2025.12.09 16:00:00,15116.56,15087.02,-29.54
2025.12.09 20:00:00,15116.56,15093.50,-23.06
2025.12.10 00:05:15,15116.56,15089.13,-27.43
2025.12.10 04:00:00,15116.56,15093.17,-23.39
2025.12.10 08:00:00,15116.56,15092.73,-23.83
2025.12.10 12:00:00,15116.56,15093.73,-22.83
2025.12.10 16:00:00,15116.56,15088.91,-27.65
2025.12.10 20:00:00,15116.56,15082.80,-33.76
2025.12.11 00:05:30,15116.56,15065.24,-51.32
2025.12.11 04:00:00,15116.56,15067.38,-49.18
2025.12.11 08:00:00,15116.56,15075.23,-41.33
2025.12.11 12:00:00,15116.56,15072.87,-43.69
2025.12.11 16:00:00,15116.56,15063.79,-52.77
2025.12.11 20:00:00,15116.56,15057.68,-58.88
2025.12.12 00:05:10,15116.56,15055.72,-60.84
2025.12.12 04:00:03,15116.56,15058.09,-58.47
2025.12.12 08:00:00,15116.56,15057.52,-59.04
2025.12.12 12:00:00,15116.56,15052.59,-63.97
2025.12.12 16:00:00,15116.56,15052.23,-64.33
2025.12.12 20:00:00,15116.56,15055.96,-60.60
2025.12.15 00:05:00,15116.56,15053.14,-63.42
2025.12.15 04:00:00,15116.56,15051.96,-64.60
2025.12.15 08:00:00,15116.56,15055.25,-61.31
2025.12.15 12:00:00,15116.56,15055.25,-61.31
2025.12.15 16:00:00,15116.56,15057.82,-58.74
2025.12.15 20:00:00,15116.56,15062.19,-54.37
2025.12.16 00:05:01,15116.56,15058.64,-57.92
2025.12.16 04:00:00,15116.56,15064.56,-52.00
2025.12.16 08:00:00,15116.56,15058.71,-57.85
2025.12.16 12:00:00,15116.56,15062.66,-53.90
2025.12.16 16:00:00,15116.56,15046.57,-69.99
2025.12.16 20:00:00,15116.56,15041.15,-75.41
2025.12.17 00:05:01,15116.56,15045.22,-71.34
2025.12.17 04:00:00,15116.56,15051.28,-65.28
2025.12.17 08:00:00,15116.56,15061.74,-54.82
2025.12.17 12:00:00,15116.56,15064.36,-52.20
2025.12.17 16:00:00,15116.56,15064.36,-52.20
2025.12.17 20:00:00,15116.56,15070.91,-45.65
2025.12.18 00:05:07,15116.56,15072.60,-43.96
2025.12.18 04:00:00,15116.56,15074.90,-41.66
2025.12.18 08:00:00,15116.56,15064.96,-51.60
2025.12.18 12:00:00,15116.56,15070.21,-46.35
2025.12.18 16:00:00,15116.56,15064.19,-52.37
2025.12.18 20:00:00,15116.56,15059.38,-57.18
2025.12.19 00:05:05,15116.56,15060.85,-55.71
2025.12.19 04:00:00,15116.56,15066.42,-50.14
2025.12.19 08:00:00,15116.56,15077.45,-39.11
2025.12.19 12:00:00,15116.56,15083.44,-33.12
2025.12.19 16:00:01,15116.56,15070.46,-46.10
2025.12.19 20:00:00,15116.56,15067.41,-49.15
2025.12.22 00:05:00,15116.56,15076.29,-40.27
2025.12.22 04:00:00,15116.56,15088.28,-28.28
2025.12.22 08:00:00,15116.56,15081.63,-34.93
2025.12.22 12:00:00,15116.56,15058.80,-57.76
2025.12.22 16:00:00,15116.56,15041.18,-75.38
2025.12.22 20:00:00,15116.56,15022.42,-94.14
2025.12.23 00:05:19,15116.56,15029.92,-86.64
2025.12.23 04:00:00,15116.56,15025.64,-90.92
2025.12.23 08:00:00,15116.56,15023.99,-92.57
2025.12.23 12:00:00,15116.56,14985.88,-130.68
2025.12.23 16:00:00,15116.56,14979.14,-137.42
2025.12.23 20:00:00,15116.56,14990.52,-126.04
2025.12.24 00:05:10,15116.56,14968.46,-148.10
2025.12.24 04:00:00,15116.56,14955.60,-160.96
2025.12.24 08:00:01,15116.56,14958.49,-158.07
2025.12.24 12:00:00,15116.56,14952.28,-164.28
2025.12.24 16:00:00,15116.56,14953.07,-163.49
2025.12.24 20:00:00,15116.56,14948.40,-168.16
2025.12.26 10:00:00,15116.56,14954.82,-161.74
2025.12.26 12:00:00,15116.56,14961.69,-154.87
2025.12.26 16:00:00,15116.56,14930.70,-185.86
2025.12.26 20:00:00,15116.56,14946.37,-170.19
2025.12.29 00:05:00,15116.56,14931.53,-185.03
2025.12.29 04:00:00,15116.56,14939.51,-177.05
2025.12.29 08:00:00,15116.56,14953.11,-163.45
2025.12.29 12:00:00,15116.56,14969.30,-147.26
2025.12.29 16:00:00,15116.56,14968.83,-147.73
2025.12.29 20:00:00,15116.56,14973.08,-143.48
2025.12.30 00:05:04,15116.56,14970.04,-146.52
2025.12.30 04:00:00,15116.56,14965.91,-150.65
2025.12.30 08:00:00,15116.56,14968.52,-148.04
2025.12.30 12:00:00,15116.56,14966.16,-150.40
2025.12.30 16:00:00,15116.56,14988.78,-127.78
2025.12.30 20:00:00,15116.56,14967.81,-148.75
2025.12.31 00:05:00,15116.56,14975.99,-140.57
2025.12.31 04:00:00,15116.56,14979.63,-136.93
2025.12.31 08:00:00,15116.56,14985.89,-130.67
2025.12.31 12:00:00,15116.56,14988.00,-128.56
2025.12.31 16:00:00,15119.42,14982.36,-137.06
2025.12.31 20:00:00,15119.42,15007.20,-112.22
2026.01.02 10:00:00,15119.42,14987.43,-131.99
2026.01.02 12:00:00,15119.42,15008.27,-111.15
2026.01.02 16:00:00,15119.42,15028.96,-90.46
2026.01.02 20:00:00,15119.42,15029.51,-89.91
2026.01.05 00:05:00,15119.42,15020.76,-98.66
2026.01.05 04:00:00,15119.42,15037.02,-82.40
2026.01.05 08:00:00,15119.42,15060.78,-58.64
2026.01.05 12:00:00,15119.42,15070.86,-48.56
2026.01.05 16:00:00,15119.42,15093.87,-25.55
2026.01.05 20:00:00,15119.42,15053.01,-66.41
2026.01.06 00:05:00,15119.42,15061.25,-58.17
2026.01.06 04:00:00,15119.42,15055.75,-63.67
2026.01.06 08:00:00,15119.42,15055.52,-63.90
2026.01.06 12:00:00,15119.42,15059.93,-59.49
2026.01.06 16:00:00,15119.42,15062.98,-56.44
2026.01.06 20:00:00,15119.42,15082.27,-37.15
2026.01.07 00:05:18,15119.42,15102.18,-17.24
2026.01.07 04:00:00,15119.42,15111.94,-7.48
2026.01.07 08:00:00,15119.42,15102.07,-17.35
2026.01.07 12:00:00,15119.42,15102.51,-16.91
2026.01.07 16:00:00,15119.42,15076.59,-42.83
2026.01.07 20:00:00,15119.42,15122.63,3.21
2026.01.08 00:05:04,15119.42,15155.17,35.75
2026.01.08 04:00:00,15172.91,15154.65,-18.26
2026.01.08 08:00:00,15172.91,15153.88,-19.03
2026.01.08 12:00:00,15172.91,15151.36,-21.55
2026.01.08 16:00:00,15172.91,15154.65,-18.26
2026.01.08 20:00:00,15172.91,15153.51,-19.40
2026.01.09 00:05:02,15172.91,15154.21,-18.70
2026.01.09 04:00:00,15172.91,15152.55,-20.36
2026.01.09 08:00:00,15172.91,15152.98,-19.93
2026.01.09 12:00:00,15172.91,15152.01,-20.90
2026.01.09 16:00:00,15172.91,15151.37,-21.54
2026.01.09 20:00:00,15172.91,15146.28,-26.63
2026.01.12 00:05:01,15172.91,15142.58,-30.33
2026.01.12 04:00:00,15172.91,15147.35,-25.56
2026.01.12 08:00:00,15172.91,15148.73,-24.18
2026.01.12 12:00:00,15172.91,15153.17,-19.74
2026.01.12 16:00:00,15172.91,15157.28,-15.63
2026.01.12 20:00:00,15172.91,15156.53,-16.38
2026.01.13 00:05:08,15172.91,15152.10,-20.81
2026.01.13 04:00:00,15172.91,15152.57,-20.34
2026.01.13 08:00:00,15172.91,15156.45,-16.46
2026.01.13 12:00:00,15172.91,15154.59,-18.32
2026.01.13 16:00:00,15172.91,15156.67,-16.24
2026.01.13 20:00:00,15172.91,15146.50,-26.41
2026.01.14 00:05:04,15172.91,15147.67,-25.24
2026.01.14 04:00:00,15172.91,15145.82,-27.09
2026.01.14 08:00:00,15172.91,15149.30,-23.61
2026.01.14 12:00:00,15172.91,15147.32,-25.59
2026.01.14 16:00:00,15172.91,15152.92,-19.99
2026.01.14 20:00:00,15172.91,15153.13,-19.78
2026.01.15 00:05:00,15172.91,15150.24,-22.67
2026.01.15 04:00:00,15172.91,15147.09,-25.82
2026.01.15 08:00:00,15172.91,15142.45,-30.46
2026.01.15 12:00:00,15172.91,15140.39,-32.52
2026.01.15 16:00:00,15172.91,15137.72,-35.19
2026.01.15 20:00:00,15172.91,15143.74,-29.17
2026.01.16 00:05:04,15172.91,15144.99,-27.92
2026.01.16 04:00:00,15172.91,15143.60,-29.31
2026.01.16 08:00:00,15172.91,15146.25,-26.66
2026.01.16 12:00:00,15172.91,15143.73,-29.18
2026.01.16 16:00:00,15172.91,15140.44,-32.47
2026.01.16 20:00:00,15172.91,15122.62,-50.29
2026.01.19 00:05:02,15172.91,15125.39,-47.52
2026.01.19 04:00:00,15172.91,15141.73,-31.18
2026.01.19 08:00:00,15172.91,15144.09,-28.82
2026.01.19 12:00:00,15172.91,15150.68,-22.23
2026.01.19 16:00:00,15172.91,15153.79,-19.12
2026.01.19 20:00:00,15172.91,15172.27,-0.64
2026.01.20 00:05:20,15172.91,15164.82,-8.09
2026.01.20 04:00:00,15172.91,15169.04,-3.87
2026.01.20 08:00:00,15172.91,15186.25,13.34
2026.01.20 12:00:00,15186.35,15186.35,0.00
2026.01.20 16:00:00,15186.35,15186.35,0.00
2026.01.20 20:00:00,15186.35,15186.35,0.00
2026.01.21 00:05:10,15186.35,15186.35,0.00
2026.01.21 04:00:00,15186.35,15186.35,0.00
2026.01.21 08:00:00,15186.35,15186.35,0.00
2026.01.21 12:00:00,15186.35,15186.22,-0.13
2026.01.21 16:00:00,15186.35,15182.80,-3.55
2026.01.21 20:00:00,15186.35,15184.42,-1.93
2026.01.22 00:05:01,15186.35,15185.71,-0.64
2026.01.22 04:00:00,15186.35,15185.24,-1.11
2026.01.22 08:00:00,15186.35,15184.82,-1.53
2026.01.22 12:00:00,15186.35,15185.14,-1.21
2026.01.22 16:00:00,15186.35,15183.87,-2.48
2026.01.22 20:00:00,15186.35,15182.24,-4.11
2026.01.23 00:05:01,15186.35,15182.29,-4.06
2026.01.23 04:00:00,15186.35,15182.40,-3.95
2026.01.23 08:00:00,15186.35,15182.50,-3.85
2026.01.23 12:00:00,15186.35,15182.74,-3.61
2026.01.23 16:00:00,15186.35,15180.69,-5.66
2026.01.23 20:00:00,15186.23,15176.86,-9.37
2026.01.26 00:05:00,15186.23,15175.61,-10.62
2026.01.26 04:00:00,15186.23,15174.70,-11.53
2026.01.26 08:00:00,15186.23,15174.44,-11.79
2026.01.26 12:00:00,15186.23,15174.12,-12.11
2026.01.26 16:00:00,15186.23,15175.82,-10.41
2026.01.26 20:00:00,15186.23,15175.86,-10.37
2026.01.27 00:09:39,15186.23,15176.81,-9.42
2026.01.27 04:00:00,15186.23,15179.16,-7.07
2026.01.27 08:00:00,15186.23,15182.82,-3.41
2026.01.27 12:00:00,15186.23,15176.81,-9.42
2026.01.27 16:00:00,15186.23,15168.76,-17.47
2026.01.27 20:00:00,15186.23,15152.58,-33.65
2026.01.28 00:10:39,15186.23,15146.74,-39.49
2026.01.28 04:00:00,15186.23,15155.76,-30.47
2026.01.28 08:00:00,15186.23,15149.64,-36.59
2026.01.28 12:00:00,15186.23,15145.07,-41.16
2026.01.28 16:00:00,15186.23,15143.61,-42.62
2026.01.28 20:00:00,15186.23,15147.13,-39.10
2026.01.29 00:09:19,15186.23,15142.70,-43.53
2026.01.29 04:00:00,15186.23,15142.25,-43.98
2026.01.29 08:00:00,15186.23,15136.59,-49.64
2026.01.29 12:00:00,15186.23,15138.61,-47.62
2026.01.29 16:00:00,15186.23,15135.21,-51.02
2026.01.29 20:00:00,15186.23,15134.06,-52.17
2026.01.30 00:09:40,15186.23,15127.94,-58.29
2026.01.30 04:00:00,15186.23,15136.74,-49.49
2026.01.30 08:00:00,15186.23,15131.54,-54.69
2026.01.30 12:00:00,15186.23,15144.19,-42.04
2026.01.30 16:00:00,15186.23,15144.37,-41.86
2026.01.30 20:00:00,15186.23,15161.05,-25.18
2026.02.02 00:05:00,15186.23,15167.85,-18.38
2026.02.02 04:00:00,15186.23,15179.90,-6.33
2026.02.02 08:00:00,15186.23,15195.91,9.68
2026.02.02 12:00:00,15195.87,15195.74,-0.13
2026.02.02 16:00:00,15195.87,15198.05,2.18
2026.02.02 20:00:00,15198.06,15198.06,0.00
2026.02.03 00:05:10,15198.06,15198.06,0.00
2026.02.03 04:00:00,15198.06,15198.06,0.00
2026.02.03 08:00:00,15198.06,15198.06,0.00
2026.02.03 12:00:00,15198.06,15198.06,0.00
2026.02.03 16:00:00,15198.06,15198.06,0.00
2026.02.03 20:00:00,15198.06,15198.06,0.00
2026.02.04 00:05:10,15198.06,15198.06,0.00
2026.02.04 04:00:00,15198.06,15198.06,0.00
2026.02.04 08:00:00,15198.06,15198.06,0.00
2026.02.04 12:00:00,15198.06,15198.06,0.00
2026.02.04 16:00:00,15198.06,15198.06,0.00
2026.02.04 20:00:00,15198.06,15198.06,0.00
2026.02.05 00:05:04,15198.06,15198.06,0.00
2026.02.05 04:00:00,15198.06,15198.06,0.00
2026.02.05 08:00:00,15198.06,15198.06,0.00
2026.02.05 12:00:00,15198.06,15198.06,0.00
2026.02.05 16:00:00,15198.06,15198.06,0.00
2026.02.05 20:00:00,15198.06,15198.06,0.00
2026.02.06 00:05:00,15198.06,15198.06,0.00
2026.02.06 04:00:00,15198.06,15198.06,0.00
2026.02.06 08:00:00,15198.06,15198.06,0.00
2026.02.06 12:00:00,15198.06,15198.06,0.00
2026.02.06 16:00:00,15198.06,15198.06,0.00
2026.02.06 20:00:00,15198.06,15198.06,0.00
2026.02.09 00:05:00,15198.06,15198.06,0.00
2026.02.09 04:00:00,15198.06,15198.06,0.00
2026.02.09 08:00:00,15198.06,15198.06,0.00
2026.02.09 12:00:00,15198.06,15198.06,0.00
2026.02.09 16:00:00,15198.06,15198.06,0.00
2026.02.09 20:00:00,15198.06,15198.06,0.00
2026.02.10 00:05:04,15198.06,15198.06,0.00
2026.02.10 04:00:00,15198.06,15198.06,0.00
2026.02.10 08:00:00,15198.06,15198.06,0.00
2026.02.10 12:00:00,15198.06,15198.06,0.00
2026.02.10 16:00:00,15198.06,15198.06,0.00
2026.02.10 20:00:00,15198.06,15198.06,0.00
2026.02.11 00:05:00,15198.06,15198.06,0.00
2026.02.11 04:00:00,15198.06,15198.06,0.00
2026.02.11 08:00:00,15198.06,15198.06,0.00
2026.02.11 12:00:00,15198.06,15198.06,0.00
2026.02.11 16:00:00,15198.06,15197.93,-0.13
2026.02.11 20:00:00,15198.06,15195.84,-2.22
2026.02.12 00:05:06,15198.06,15196.33,-1.73
2026.02.12 04:00:00,15198.06,15196.90,-1.16
2026.02.12 08:00:00,15198.06,15197.71,-0.35
2026.02.12 12:00:00,15198.06,15196.52,-1.54
2026.02.12 16:00:00,15198.06,15196.75,-1.31
2026.02.12 20:00:00,15198.06,15201.07,3.01
2026.02.13 00:05:01,15201.06,15201.06,0.00
2026.02.13 04:00:00,15201.06,15201.06,0.00
2026.02.13 08:00:00,15201.06,15201.06,0.00
2026.02.13 12:00:00,15201.06,15201.06,0.00
2026.02.13 16:00:00,15201.06,15201.06,0.00
2026.02.13 20:00:00,15201.06,15201.06,0.00
2026.02.16 00:05:00,15201.06,15201.06,0.00
2026.02.16 04:00:00,15201.06,15201.06,0.00
2026.02.16 08:00:00,15201.06,15201.06,0.00
2026.02.16 12:00:00,15201.06,15201.06,0.00
2026.02.16 16:00:00,15201.06,15201.06,0.00
2026.02.16 20:00:03,15201.06,15201.06,0.00
2026.02.17 00:05:35,15201.06,15201.06,0.00
2026.02.17 04:00:00,15201.06,15201.06,0.00
2026.02.17 08:00:00,15201.06,15201.06,0.00
2026.02.17 12:00:00,15201.06,15201.06,0.00
2026.02.17 16:00:00,15201.06,15201.06,0.00
2026.02.17 20:00:00,15201.06,15201.06,0.00
2026.02.18 00:05:10,15201.06,15201.06,0.00
2026.02.18 04:00:00,15201.06,15201.06,0.00
2026.02.18 08:00:00,15201.06,15201.06,0.00
2026.02.18 12:00:00,15201.06,15201.06,0.00
2026.02.18 16:00:00,15201.06,15201.06,0.00
2026.02.18 20:00:00,15201.06,15201.06,0.00
2026.02.19 00:05:00,15201.06,15201.06,0.00
2026.02.19 04:00:00,15201.06,15201.06,0.00
2026.02.19 08:00:01,15201.06,15201.06,0.00
2026.02.19 12:00:00,15201.06,15201.06,0.00
2026.02.19 16:00:00,15201.06,15201.06,0.00
2026.02.19 20:00:05,15201.06,15201.06,0.00
2026.02.20 00:05:00,15201.06,15201.06,0.00
2026.02.20 04:00:00,15201.06,15201.06,0.00
2026.02.20 08:00:00,15201.06,15201.06,0.00
2026.02.20 12:00:00,15201.06,15201.06,0.00
2026.02.20 16:00:00,15201.06,15201.06,0.00
2026.02.20 20:00:00,15201.06,15201.06,0.00
2026.02.23 00:05:00,15201.06,15201.06,0.00
2026.02.23 04:00:00,15201.06,15201.06,0.00
2026.02.23 08:00:00,15201.06,15201.06,0.00
2026.02.23 12:00:00,15201.06,15201.06,0.00
2026.02.23 16:00:00,15201.06,15201.06,0.00
2026.02.23 20:00:00,15201.06,15201.06,0.00
2026.02.24 00:05:00,15201.06,15201.06,0.00
2026.02.24 04:00:00,15201.06,15201.06,0.00
2026.02.24 08:00:00,15201.06,15201.06,0.00
2026.02.24 12:00:00,15201.06,15201.06,0.00
2026.02.24 16:00:00,15201.06,15201.06,0.00
2026.02.24 20:00:00,15201.06,15201.06,0.00
2026.02.25 00:05:01,15201.06,15201.06,0.00
2026.02.25 04:00:00,15201.06,15201.06,0.00
2026.02.25 08:00:00,15201.06,15201.06,0.00
2026.02.25 12:00:00,15201.06,15201.06,0.00
2026.02.25 16:00:00,15201.06,15201.06,0.00
2026.02.25 20:00:00,15201.06,15201.06,0.00
2026.02.26 00:05:00,15201.06,15201.06,0.00
2026.02.26 04:00:00,15201.06,15201.06,0.00
2026.02.26 08:00:00,15201.06,15201.06,0.00
2026.02.26 12:00:00,15201.06,15201.06,0.00
2026.02.26 16:00:00,15201.06,15201.06,0.00
2026.02.26 20:00:00,15201.06,15201.06,0.00
2026.02.27 00:05:00,15201.06,15201.06,0.00
2026.02.27 04:00:00,15201.06,15201.06,0.00
2026.02.27 08:00:00,15201.06,15201.06,0.00
2026.02.27 12:00:00,15201.06,15201.06,0.00
2026.02.27 16:00:00,15201.06,15201.06,0.00
2026.02.27 20:00:00,15201.06,15201.06,0.00
